year,state,minimum_wage_effective,minimum_wage_2020_nominal,CPI_Average
1968,Alabama,1.15,8.55,34.801
1968,Alaska,2.1,15.61,34.8
1968,Arizona,1.15,8.55,34.8
1968,Arkansas,1.15,8.55,34.8
1968,California,1.65,12.26,34.8
1968,Colorado,1.15,8.55,34.8
1968,Connecticut,1.4,10.41,34.8
1968,Delaware,1.25,9.29,34.8
1968,District of Columbia,1.25,9.29,34.8
1968,Florida,1.15,8.55,34.8
1968,Georgia,1.15,8.55,34.8
1968,Guam,1.25,9.29,34.8
1968,Hawaii,1.25,9.29,34.8
1968,Idaho,1.15,8.55,34.8
1968,Illinois,1.15,8.55,34.8
1968,Indiana,1.15,8.55,34.8
1968,Iowa,1.15,8.55,34.8
1968,Kansas,1.15,8.55,34.8
1968,Kentucky,1.15,8.55,34.8
1968,Louisiana,1.15,8.55,34.8
1968,Maine,1.4,10.41,34.8
1968,Maryland,1.15,8.55,34.8
1968,Massachusetts,1.6,11.89,34.8
1968,Michigan,1.25,9.29,34.8
1968,Minnesota,1.15,8.55,34.8
1968,Mississippi,1.15,8.55,34.8
1968,Missouri,1.15,8.55,34.8
1968,Montana,1.15,8.55,34.8
1968,Nebraska,1.15,8.55,34.8
1968,Nevada,1.25,9.29,34.8
1968,New Hampshire,1.4,10.41,34.8
1968,New Jersey,1.4,10.41,34.8
1968,New Mexico,1.15,8.55,34.8
1968,New York,1.6,11.89,34.8
1968,North Carolina,1.15,8.55,34.8
1968,North Dakota,1.15,8.55,34.8
1968,Ohio,1.15,8.55,34.8
1968,Oklahoma,1.15,8.55,34.8
1968,Oregon,1.25,9.29,34.8
1968,Pennsylvania,1.15,8.55,34.8
1968,Puerto Rico,1.15,8.55,34.8
1968,Rhode Island,1.4,10.41,34.8
1968,South Carolina,1.15,8.55,34.8
1968,South Dakota,1.15,8.55,34.8
1968,Tennessee,1.15,8.55,34.8
1968,Texas,1.15,8.55,34.8
1968,U.S. Virgin Islands,1.15,8.55,34.8
1968,Utah,1.15,8.55,34.8
1968,Vermont,1.4,10.41,34.8
1968,Virginia,1.15,8.55,34.8
1968,Washington,1.6,11.89,34.8
1968,West Virginia,1.15,8.55,34.8
1968,Wisconsin,1.25,9.29,34.8
1968,Wyoming,1.2,8.92,34.8
1969,Alabama,1.15,8.11,36.7
1969,Alaska,2.1,14.8,36.7
1969,Arizona,1.15,8.11,36.7
1969,Arkansas,1.15,8.11,36.7
1969,California,1.65,11.63,36.7
1969,Colorado,1.15,8.11,36.7
1969,Connecticut,1.4,9.87,36.7
1969,Delaware,1.25,8.81,36.7
1969,District of Columbia,1.25,8.81,36.7
1969,Florida,1.15,8.11,36.7
1969,Georgia,1.15,8.11,36.7
1969,Guam,1.25,8.81,36.7
1969,Hawaii,1.25,8.81,36.7
1969,Idaho,1.15,8.11,36.7
1969,Illinois,1.15,8.11,36.7
1969,Indiana,1.15,8.11,36.7
1969,Iowa,1.15,8.11,36.7
1969,Kansas,1.15,8.11,36.7
1969,Kentucky,1.15,8.11,36.7
1969,Louisiana,1.15,8.11,36.7
1969,Maine,1.4,9.87,36.7
1969,Maryland,1.15,8.11,36.7
1969,Massachusetts,1.6,11.28,36.7
1969,Michigan,1.25,8.81,36.7
1969,Minnesota,1.15,8.11,36.7
1969,Mississippi,1.15,8.11,36.7
1969,Missouri,1.15,8.11,36.7
1969,Montana,1.15,8.11,36.7
1969,Nebraska,1.15,8.11,36.7
1969,Nevada,1.25,8.81,36.7
1969,New Hampshire,1.4,9.87,36.7
1969,New Jersey,1.4,9.87,36.7
1969,New Mexico,1.15,8.11,36.7
1969,New York,1.6,11.28,36.7
1969,North Carolina,1.15,8.11,36.7
1969,North Dakota,1.15,8.11,36.7
1969,Ohio,1.15,8.11,36.7
1969,Oklahoma,1.15,8.11,36.7
1969,Oregon,1.25,8.81,36.7
1969,Pennsylvania,1.15,8.11,36.7
1969,Puerto Rico,1.15,8.11,36.7
1969,Rhode Island,1.4,9.87,36.7
1969,South Carolina,1.15,8.11,36.7
1969,South Dakota,1.15,8.11,36.7
1969,Tennessee,1.15,8.11,36.7
1969,Texas,1.15,8.11,36.7
1969,U.S. Virgin Islands,1.15,8.11,36.7
1969,Utah,1.15,8.11,36.7
1969,Vermont,1.4,9.87,36.7
1969,Virginia,1.15,8.11,36.7
1969,Washington,1.6,11.28,36.7
1969,West Virginia,1.15,8.11,36.7
1969,Wisconsin,1.25,8.81,36.7
1969,Wyoming,1.2,8.46,36.7
1970,Alabama,1.3,8.67,38.8
1970,Alaska,2.1,14,38.8
1970,Arizona,1.3,8.67,38.8
1970,Arkansas,1.3,8.67,38.8
1970,California,1.65,11,38.8
1970,Colorado,1.3,8.67,38.8
1970,Connecticut,1.6,10.67,38.8
1970,Delaware,1.3,8.67,38.8
1970,District of Columbia,1.6,10.67,38.8
1970,Florida,1.3,8.67,38.8
1970,Georgia,1.3,8.67,38.8
1970,Guam,1.6,10.67,38.8
1970,Hawaii,1.6,10.67,38.8
1970,Idaho,1.3,8.67,38.8
1970,Illinois,1.3,8.67,38.8
1970,Indiana,1.3,8.67,38.8
1970,Iowa,1.3,8.67,38.8
1970,Kansas,1.3,8.67,38.8
1970,Kentucky,1.3,8.67,38.8
1970,Louisiana,1.3,8.67,38.8
1970,Maine,1.6,10.67,38.8
1970,Maryland,1.3,8.67,38.8
1970,Massachusetts,1.6,10.67,38.8
1970,Michigan,1.3,8.67,38.8
1970,Minnesota,1.3,8.67,38.8
1970,Mississippi,1.3,8.67,38.8
1970,Missouri,1.3,8.67,38.8
1970,Montana,1.3,8.67,38.8
1970,Nebraska,1.3,8.67,38.8
1970,Nevada,1.3,8.67,38.8
1970,New Hampshire,1.45,9.67,38.8
1970,New Jersey,1.5,10,38.8
1970,New Mexico,1.3,8.67,38.8
1970,New York,1.6,10.67,38.8
1970,North Carolina,1.3,8.67,38.8
1970,North Dakota,1.3,8.67,38.8
1970,Ohio,1.3,8.67,38.8
1970,Oklahoma,1.3,8.67,38.8
1970,Oregon,1.3,8.67,38.8
1970,Pennsylvania,1.3,8.67,38.8
1970,Puerto Rico,1.3,8.67,38.8
1970,Rhode Island,1.6,10.67,38.8
1970,South Carolina,1.3,8.67,38.8
1970,South Dakota,1.3,8.67,38.8
1970,Tennessee,1.3,8.67,38.8
1970,Texas,1.3,8.67,38.8
1970,U.S. Virgin Islands,1.3,8.67,38.8
1970,Utah,1.3,8.67,38.8
1970,Vermont,1.6,10.67,38.8
1970,Virginia,1.3,8.67,38.8
1970,Washington,1.6,10.67,38.8
1970,West Virginia,1.3,8.67,38.8
1970,Wisconsin,1.3,8.67,38.8
1970,Wyoming,1.3,8.67,38.8
1971,Alabama,1.3,8.3,40.5
1971,Alaska,2.1,13.41,40.5
1971,Arizona,1.3,8.3,40.5
1971,Arkansas,1.3,8.3,40.5
1971,California,1.65,10.54,40.5
1971,Colorado,1.3,8.3,40.5
1971,Connecticut,1.6,10.22,40.5
1971,Delaware,1.3,8.3,40.5
1971,District of Columbia,1.6,10.22,40.5
1971,Florida,1.3,8.3,40.5
1971,Georgia,1.3,8.3,40.5
1971,Guam,1.6,10.22,40.5
1971,Hawaii,1.6,10.22,40.5
1971,Idaho,1.3,8.3,40.5
1971,Illinois,1.3,8.3,40.5
1971,Indiana,1.3,8.3,40.5
1971,Iowa,1.3,8.3,40.5
1971,Kansas,1.3,8.3,40.5
1971,Kentucky,1.3,8.3,40.5
1971,Louisiana,1.3,8.3,40.5
1971,Maine,1.6,10.22,40.5
1971,Maryland,1.3,8.3,40.5
1971,Massachusetts,1.6,10.22,40.5
1971,Michigan,1.3,8.3,40.5
1971,Minnesota,1.3,8.3,40.5
1971,Mississippi,1.3,8.3,40.5
1971,Missouri,1.3,8.3,40.5
1971,Montana,1.3,8.3,40.5
1971,Nebraska,1.3,8.3,40.5
1971,Nevada,1.3,8.3,40.5
1971,New Hampshire,1.45,9.26,40.5
1971,New Jersey,1.5,9.58,40.5
1971,New Mexico,1.3,8.3,40.5
1971,New York,1.6,10.22,40.5
1971,North Carolina,1.3,8.3,40.5
1971,North Dakota,1.3,8.3,40.5
1971,Ohio,1.3,8.3,40.5
1971,Oklahoma,1.3,8.3,40.5
1971,Oregon,1.3,8.3,40.5
1971,Pennsylvania,1.3,8.3,40.5
1971,Puerto Rico,1.3,8.3,40.5
1971,Rhode Island,1.6,10.22,40.5
1971,South Carolina,1.3,8.3,40.5
1971,South Dakota,1.3,8.3,40.5
1971,Tennessee,1.3,8.3,40.5
1971,Texas,1.3,8.3,40.5
1971,U.S. Virgin Islands,1.3,8.3,40.5
1971,Utah,1.3,8.3,40.5
1971,Vermont,1.6,10.22,40.5
1971,Virginia,1.3,8.3,40.5
1971,Washington,1.6,10.22,40.5
1971,West Virginia,1.3,8.3,40.5
1971,Wisconsin,1.3,8.3,40.5
1971,Wyoming,1.3,8.3,40.5
1972,Alabama,1.6,9.9,41.8
1972,Alaska,2.1,12.99,41.8
1972,Arizona,1.6,9.9,41.8
1972,Arkansas,1.6,9.9,41.8
1972,California,1.65,10.21,41.8
1972,Colorado,1.6,9.9,41.8
1972,Connecticut,1.85,11.45,41.8
1972,Delaware,1.6,9.9,41.8
1972,District of Columbia,1.6,9.9,41.8
1972,Florida,1.6,9.9,41.8
1972,Georgia,1.6,9.9,41.8
1972,Guam,1.9,11.76,41.8
1972,Hawaii,1.6,9.9,41.8
1972,Idaho,1.6,9.9,41.8
1972,Illinois,1.6,9.9,41.8
1972,Indiana,1.6,9.9,41.8
1972,Iowa,1.6,9.9,41.8
1972,Kansas,1.6,9.9,41.8
1972,Kentucky,1.6,9.9,41.8
1972,Louisiana,1.6,9.9,41.8
1972,Maine,1.6,9.9,41.8
1972,Maryland,1.6,9.9,41.8
1972,Massachusetts,1.75,10.83,41.8
1972,Michigan,1.6,9.9,41.8
1972,Minnesota,1.6,9.9,41.8
1972,Mississippi,1.6,9.9,41.8
1972,Missouri,1.6,9.9,41.8
1972,Montana,1.6,9.9,41.8
1972,Nebraska,1.6,9.9,41.8
1972,Nevada,1.6,9.9,41.8
1972,New Hampshire,1.6,9.9,41.8
1972,New Jersey,1.6,9.9,41.8
1972,New Mexico,1.6,9.9,41.8
1972,New York,1.85,11.45,41.8
1972,North Carolina,1.6,9.9,41.8
1972,North Dakota,1.6,9.9,41.8
1972,Ohio,1.6,9.9,41.8
1972,Oklahoma,1.6,9.9,41.8
1972,Oregon,1.6,9.9,41.8
1972,Pennsylvania,1.6,9.9,41.8
1972,Puerto Rico,1.6,9.9,41.8
1972,Rhode Island,1.6,9.9,41.8
1972,South Carolina,1.6,9.9,41.8
1972,South Dakota,1.6,9.9,41.8
1972,Tennessee,1.6,9.9,41.8
1972,Texas,1.6,9.9,41.8
1972,U.S. Virgin Islands,1.6,9.9,41.8
1972,Utah,1.6,9.9,41.8
1972,Vermont,1.6,9.9,41.8
1972,Virginia,1.6,9.9,41.8
1972,Washington,1.6,9.9,41.8
1972,West Virginia,1.6,9.9,41.8
1972,Wisconsin,1.6,9.9,41.8
1972,Wyoming,1.6,9.9,41.8
1973,Alabama,1.6,9.32,44.4
1973,Alaska,2.1,12.23,44.4
1973,Arizona,1.6,9.32,44.4
1973,Arkansas,1.6,9.32,44.4
1973,California,1.65,9.61,44.4
1973,Colorado,1.6,9.32,44.4
1973,Connecticut,1.85,10.78,44.4
1973,Delaware,1.6,9.32,44.4
1973,District of Columbia,1.6,9.32,44.4
1973,Florida,1.6,9.32,44.4
1973,Georgia,1.6,9.32,44.4
1973,Guam,1.9,11.07,44.4
1973,Hawaii,1.6,9.32,44.4
1973,Idaho,1.6,9.32,44.4
1973,Illinois,1.6,9.32,44.4
1973,Indiana,1.6,9.32,44.4
1973,Iowa,1.6,9.32,44.4
1973,Kansas,1.6,9.32,44.4
1973,Kentucky,1.6,9.32,44.4
1973,Louisiana,1.6,9.32,44.4
1973,Maine,1.6,9.32,44.4
1973,Maryland,1.6,9.32,44.4
1973,Massachusetts,1.75,10.19,44.4
1973,Michigan,1.6,9.32,44.4
1973,Minnesota,1.6,9.32,44.4
1973,Mississippi,1.6,9.32,44.4
1973,Missouri,1.6,9.32,44.4
1973,Montana,1.6,9.32,44.4
1973,Nebraska,1.6,9.32,44.4
1973,Nevada,1.6,9.32,44.4
1973,New Hampshire,1.6,9.32,44.4
1973,New Jersey,1.6,9.32,44.4
1973,New Mexico,1.6,9.32,44.4
1973,New York,1.85,10.78,44.4
1973,North Carolina,1.6,9.32,44.4
1973,North Dakota,1.6,9.32,44.4
1973,Ohio,1.6,9.32,44.4
1973,Oklahoma,1.6,9.32,44.4
1973,Oregon,1.6,9.32,44.4
1973,Pennsylvania,1.6,9.32,44.4
1973,Puerto Rico,1.6,9.32,44.4
1973,Rhode Island,1.6,9.32,44.4
1973,South Carolina,1.6,9.32,44.4
1973,South Dakota,1.6,9.32,44.4
1973,Tennessee,1.6,9.32,44.4
1973,Texas,1.6,9.32,44.4
1973,U.S. Virgin Islands,1.6,9.32,44.4
1973,Utah,1.6,9.32,44.4
1973,Vermont,1.6,9.32,44.4
1973,Virginia,1.6,9.32,44.4
1973,Washington,1.6,9.32,44.4
1973,West Virginia,1.6,9.32,44.4
1973,Wisconsin,1.6,9.32,44.4
1973,Wyoming,1.6,9.32,44.4
1974,Alabama,1.6,8.39,49.3
1974,Alaska,2.1,11.02,49.3
1974,Arizona,1.6,8.39,49.3
1974,Arkansas,1.6,8.39,49.3
1974,California,1.65,8.66,49.3
1974,Colorado,1.6,8.39,49.3
1974,Connecticut,1.85,9.71,49.3
1974,Delaware,1.6,8.39,49.3
1974,District of Columbia,1.6,8.39,49.3
1974,Florida,1.6,8.39,49.3
1974,Georgia,1.6,8.39,49.3
1974,Guam,1.9,9.97,49.3
1974,Hawaii,1.6,8.39,49.3
1974,Idaho,1.6,8.39,49.3
1974,Illinois,1.6,8.39,49.3
1974,Indiana,1.6,8.39,49.3
1974,Iowa,1.6,8.39,49.3
1974,Kansas,1.6,8.39,49.3
1974,Kentucky,1.6,8.39,49.3
1974,Louisiana,1.6,8.39,49.3
1974,Maine,1.6,8.39,49.3
1974,Maryland,1.6,8.39,49.3
1974,Massachusetts,1.75,9.18,49.3
1974,Michigan,1.6,8.39,49.3
1974,Minnesota,1.6,8.39,49.3
1974,Mississippi,1.6,8.39,49.3
1974,Missouri,1.6,8.39,49.3
1974,Montana,1.6,8.39,49.3
1974,Nebraska,1.6,8.39,49.3
1974,Nevada,1.6,8.39,49.3
1974,New Hampshire,1.6,8.39,49.3
1974,New Jersey,1.6,8.39,49.3
1974,New Mexico,1.6,8.39,49.3
1974,New York,1.85,9.71,49.3
1974,North Carolina,1.6,8.39,49.3
1974,North Dakota,1.6,8.39,49.3
1974,Ohio,1.6,8.39,49.3
1974,Oklahoma,1.6,8.39,49.3
1974,Oregon,1.6,8.39,49.3
1974,Pennsylvania,1.6,8.39,49.3
1974,Puerto Rico,1.6,8.39,49.3
1974,Rhode Island,1.6,8.39,49.3
1974,South Carolina,1.6,8.39,49.3
1974,South Dakota,1.6,8.39,49.3
1974,Tennessee,1.6,8.39,49.3
1974,Texas,1.6,8.39,49.3
1974,U.S. Virgin Islands,1.6,8.39,49.3
1974,Utah,1.6,8.39,49.3
1974,Vermont,1.6,8.39,49.3
1974,Virginia,1.6,8.39,49.3
1974,Washington,1.6,8.39,49.3
1974,West Virginia,1.6,8.39,49.3
1974,Wisconsin,1.6,8.39,49.3
1974,Wyoming,1.6,8.39,49.3
1975,Alabama,1.6,7.69,53.8
1975,Alaska,2.1,10.1,53.8
1975,Arizona,1.6,7.69,53.8
1975,Arkansas,1.6,7.69,53.8
1975,California,1.65,7.93,53.8
1975,Colorado,1.6,7.69,53.8
1975,Connecticut,1.85,8.89,53.8
1975,Delaware,1.6,7.69,53.8
1975,District of Columbia,1.6,7.69,53.8
1975,Florida,1.6,7.69,53.8
1975,Georgia,1.6,7.69,53.8
1975,Guam,1.9,9.13,53.8
1975,Hawaii,1.6,7.69,53.8
1975,Idaho,1.6,7.69,53.8
1975,Illinois,1.6,7.69,53.8
1975,Indiana,1.6,7.69,53.8
1975,Iowa,1.6,7.69,53.8
1975,Kansas,1.6,7.69,53.8
1975,Kentucky,1.6,7.69,53.8
1975,Louisiana,1.6,7.69,53.8
1975,Maine,1.6,7.69,53.8
1975,Maryland,1.6,7.69,53.8
1975,Massachusetts,1.75,8.41,53.8
1975,Michigan,1.6,7.69,53.8
1975,Minnesota,1.6,7.69,53.8
1975,Mississippi,1.6,7.69,53.8
1975,Missouri,1.6,7.69,53.8
1975,Montana,1.6,7.69,53.8
1975,Nebraska,1.6,7.69,53.8
1975,Nevada,1.6,7.69,53.8
1975,New Hampshire,1.6,7.69,53.8
1975,New Jersey,1.6,7.69,53.8
1975,New Mexico,1.6,7.69,53.8
1975,New York,1.85,8.89,53.8
1975,North Carolina,1.6,7.69,53.8
1975,North Dakota,1.6,7.69,53.8
1975,Ohio,1.6,7.69,53.8
1975,Oklahoma,1.6,7.69,53.8
1975,Oregon,1.6,7.69,53.8
1975,Pennsylvania,1.6,7.69,53.8
1975,Puerto Rico,1.6,7.69,53.8
1975,Rhode Island,1.6,7.69,53.8
1975,South Carolina,1.6,7.69,53.8
1975,South Dakota,1.6,7.69,53.8
1975,Tennessee,1.6,7.69,53.8
1975,Texas,1.6,7.69,53.8
1975,U.S. Virgin Islands,1.6,7.69,53.8
1975,Utah,1.6,7.69,53.8
1975,Vermont,1.6,7.69,53.8
1975,Virginia,1.6,7.69,53.8
1975,Washington,1.6,7.69,53.8
1975,West Virginia,1.6,7.69,53.8
1975,Wisconsin,1.6,7.69,53.8
1975,Wyoming,1.6,7.69,53.8
1976,Alabama,2.2,10,56.9
1976,Alaska,2.8,12.73,56.9
1976,Arizona,2.2,10,56.9
1976,Arkansas,2.2,10,56.9
1976,California,2.2,10,56.9
1976,Colorado,2.2,10,56.9
1976,Connecticut,2.21,10.05,56.9
1976,Delaware,2.2,10,56.9
1976,District of Columbia,2.25,10.23,56.9
1976,Florida,2.2,10,56.9
1976,Georgia,2.2,10,56.9
1976,Guam,2.3,10.46,56.9
1976,Hawaii,2.4,10.91,56.9
1976,Idaho,2.2,10,56.9
1976,Illinois,2.2,10,56.9
1976,Indiana,2.2,10,56.9
1976,Iowa,2.2,10,56.9
1976,Kansas,2.2,10,56.9
1976,Kentucky,2.2,10,56.9
1976,Louisiana,2.2,10,56.9
1976,Maine,2.3,10.46,56.9
1976,Maryland,2.2,10,56.9
1976,Massachusetts,2.2,10,56.9
1976,Michigan,2.2,10,56.9
1976,Minnesota,2.2,10,56.9
1976,Mississippi,2.2,10,56.9
1976,Missouri,2.2,10,56.9
1976,Montana,2.2,10,56.9
1976,Nebraska,2.2,10,56.9
1976,Nevada,2.2,10,56.9
1976,New Hampshire,2.2,10,56.9
1976,New Jersey,2.2,10,56.9
1976,New Mexico,2.2,10,56.9
1976,New York,2.3,10.46,56.9
1976,North Carolina,2.2,10,56.9
1976,North Dakota,2.2,10,56.9
1976,Ohio,2.2,10,56.9
1976,Oklahoma,2.2,10,56.9
1976,Oregon,2.3,10.46,56.9
1976,Pennsylvania,2.2,10,56.9
1976,Puerto Rico,2.2,10,56.9
1976,Rhode Island,2.3,10.46,56.9
1976,South Carolina,2.2,10,56.9
1976,South Dakota,2.2,10,56.9
1976,Tennessee,2.2,10,56.9
1976,Texas,2.2,10,56.9
1976,U.S. Virgin Islands,2.2,10,56.9
1976,Utah,2.2,10,56.9
1976,Vermont,2.3,10.46,56.9
1976,Virginia,2.2,10,56.9
1976,Washington,2.2,10,56.9
1976,West Virginia,2.2,10,56.9
1976,Wisconsin,2.2,10,56.9
1976,Wyoming,2.2,10,56.9
1977,Alabama,2.2,9.39,60.6
1977,Alaska,2.8,11.95,60.6
1977,Arizona,2.2,9.39,60.6
1977,Arkansas,2.2,9.39,60.6
1977,California,2.2,9.39,60.6
1977,Colorado,2.2,9.39,60.6
1977,Connecticut,2.21,9.43,60.6
1977,Delaware,2.2,9.39,60.6
1977,District of Columbia,2.25,9.6,60.6
1977,Florida,2.2,9.39,60.6
1977,Georgia,2.2,9.39,60.6
1977,Guam,2.3,9.82,60.6
1977,Hawaii,2.4,10.24,60.6
1977,Idaho,2.2,9.39,60.6
1977,Illinois,2.2,9.39,60.6
1977,Indiana,2.2,9.39,60.6
1977,Iowa,2.2,9.39,60.6
1977,Kansas,2.2,9.39,60.6
1977,Kentucky,2.2,9.39,60.6
1977,Louisiana,2.2,9.39,60.6
1977,Maine,2.3,9.82,60.6
1977,Maryland,2.2,9.39,60.6
1977,Massachusetts,2.2,9.39,60.6
1977,Michigan,2.2,9.39,60.6
1977,Minnesota,2.2,9.39,60.6
1977,Mississippi,2.2,9.39,60.6
1977,Missouri,2.2,9.39,60.6
1977,Montana,2.2,9.39,60.6
1977,Nebraska,2.2,9.39,60.6
1977,Nevada,2.2,9.39,60.6
1977,New Hampshire,2.2,9.39,60.6
1977,New Jersey,2.2,9.39,60.6
1977,New Mexico,2.2,9.39,60.6
1977,New York,2.3,9.82,60.6
1977,North Carolina,2.2,9.39,60.6
1977,North Dakota,2.2,9.39,60.6
1977,Ohio,2.2,9.39,60.6
1977,Oklahoma,2.2,9.39,60.6
1977,Oregon,2.3,9.82,60.6
1977,Pennsylvania,2.2,9.39,60.6
1977,Puerto Rico,2.2,9.39,60.6
1977,Rhode Island,2.3,9.82,60.6
1977,South Carolina,2.2,9.39,60.6
1977,South Dakota,2.2,9.39,60.6
1977,Tennessee,2.2,9.39,60.6
1977,Texas,2.2,9.39,60.6
1977,U.S. Virgin Islands,2.2,9.39,60.6
1977,Utah,2.2,9.39,60.6
1977,Vermont,2.3,9.82,60.6
1977,Virginia,2.2,9.39,60.6
1977,Washington,2.2,9.39,60.6
1977,West Virginia,2.2,9.39,60.6
1977,Wisconsin,2.2,9.39,60.6
1977,Wyoming,2.2,9.39,60.6
1978,Alabama,2.2,8.73,65.2
1978,Alaska,2.8,11.11,65.2
1978,Arizona,2.2,8.73,65.2
1978,Arkansas,2.2,8.73,65.2
1978,California,2.2,8.73,65.2
1978,Colorado,2.2,8.73,65.2
1978,Connecticut,2.21,8.77,65.2
1978,Delaware,2.2,8.73,65.2
1978,District of Columbia,2.25,8.93,65.2
1978,Florida,2.2,8.73,65.2
1978,Georgia,2.2,8.73,65.2
1978,Guam,2.3,9.12,65.2
1978,Hawaii,2.4,9.52,65.2
1978,Idaho,2.2,8.73,65.2
1978,Illinois,2.2,8.73,65.2
1978,Indiana,2.2,8.73,65.2
1978,Iowa,2.2,8.73,65.2
1978,Kansas,2.2,8.73,65.2
1978,Kentucky,2.2,8.73,65.2
1978,Louisiana,2.2,8.73,65.2
1978,Maine,2.3,9.12,65.2
1978,Maryland,2.2,8.73,65.2
1978,Massachusetts,2.2,8.73,65.2
1978,Michigan,2.2,8.73,65.2
1978,Minnesota,2.2,8.73,65.2
1978,Mississippi,2.2,8.73,65.2
1978,Missouri,2.2,8.73,65.2
1978,Montana,2.2,8.73,65.2
1978,Nebraska,2.2,8.73,65.2
1978,Nevada,2.2,8.73,65.2
1978,New Hampshire,2.2,8.73,65.2
1978,New Jersey,2.2,8.73,65.2
1978,New Mexico,2.2,8.73,65.2
1978,New York,2.3,9.12,65.2
1978,North Carolina,2.2,8.73,65.2
1978,North Dakota,2.2,8.73,65.2
1978,Ohio,2.2,8.73,65.2
1978,Oklahoma,2.2,8.73,65.2
1978,Oregon,2.3,9.12,65.2
1978,Pennsylvania,2.2,8.73,65.2
1978,Puerto Rico,2.2,8.73,65.2
1978,Rhode Island,2.3,9.12,65.2
1978,South Carolina,2.2,8.73,65.2
1978,South Dakota,2.2,8.73,65.2
1978,Tennessee,2.2,8.73,65.2
1978,Texas,2.2,8.73,65.2
1978,U.S. Virgin Islands,2.2,8.73,65.2
1978,Utah,2.2,8.73,65.2
1978,Vermont,2.3,9.12,65.2
1978,Virginia,2.2,8.73,65.2
1978,Washington,2.2,8.73,65.2
1978,West Virginia,2.2,8.73,65.2
1978,Wisconsin,2.2,8.73,65.2
1978,Wyoming,2.2,8.73,65.2
1979,Alabama,2.9,10.33,72.6
1979,Alaska,3.4,12.11,72.6
1979,Arizona,2.9,10.33,72.6
1979,Arkansas,2.9,10.33,72.6
1979,California,2.9,10.33,72.6
1979,Colorado,2.9,10.33,72.6
1979,Connecticut,2.91,10.37,72.6
1979,Delaware,2.9,10.33,72.6
1979,District of Columbia,2.9,10.33,72.6
1979,Florida,2.9,10.33,72.6
1979,Georgia,2.9,10.33,72.6
1979,Guam,2.9,10.33,72.6
1979,Hawaii,2.9,10.33,72.6
1979,Idaho,2.9,10.33,72.6
1979,Illinois,2.9,10.33,72.6
1979,Indiana,2.9,10.33,72.6
1979,Iowa,2.9,10.33,72.6
1979,Kansas,2.9,10.33,72.6
1979,Kentucky,2.9,10.33,72.6
1979,Louisiana,2.9,10.33,72.6
1979,Maine,2.9,10.33,72.6
1979,Maryland,2.9,10.33,72.6
1979,Massachusetts,2.9,10.33,72.6
1979,Michigan,2.9,10.33,72.6
1979,Minnesota,2.9,10.33,72.6
1979,Mississippi,2.9,10.33,72.6
1979,Missouri,2.9,10.33,72.6
1979,Montana,2.9,10.33,72.6
1979,Nebraska,2.9,10.33,72.6
1979,Nevada,2.9,10.33,72.6
1979,New Hampshire,2.9,10.33,72.6
1979,New Jersey,2.9,10.33,72.6
1979,New Mexico,2.9,10.33,72.6
1979,New York,2.9,10.33,72.6
1979,North Carolina,2.9,10.33,72.6
1979,North Dakota,2.9,10.33,72.6
1979,Ohio,2.9,10.33,72.6
1979,Oklahoma,2.9,10.33,72.6
1979,Oregon,2.9,10.33,72.6
1979,Pennsylvania,2.9,10.33,72.6
1979,Puerto Rico,2.9,10.33,72.6
1979,Rhode Island,2.9,10.33,72.6
1979,South Carolina,2.9,10.33,72.6
1979,South Dakota,2.9,10.33,72.6
1979,Tennessee,2.9,10.33,72.6
1979,Texas,2.9,10.33,72.6
1979,U.S. Virgin Islands,2.9,10.33,72.6
1979,Utah,2.9,10.33,72.6
1979,Vermont,2.9,10.33,72.6
1979,Virginia,2.9,10.33,72.6
1979,Washington,2.9,10.33,72.6
1979,West Virginia,2.9,10.33,72.6
1979,Wisconsin,2.9,10.33,72.6
1979,Wyoming,2.9,10.33,72.6
1980,Alabama,3.1,9.73,82.4
1980,Alaska,3.6,11.3,82.4
1980,Arizona,3.1,9.73,82.4
1980,Arkansas,3.1,9.73,82.4
1980,California,3.1,9.73,82.4
1980,Colorado,3.1,9.73,82.4
1980,Connecticut,3.12,9.79,82.4
1980,Delaware,3.1,9.73,82.4
1980,District of Columbia,3.1,9.73,82.4
1980,Florida,3.1,9.73,82.4
1980,Georgia,3.1,9.73,82.4
1980,Guam,3.1,9.73,82.4
1980,Hawaii,3.1,9.73,82.4
1980,Idaho,3.1,9.73,82.4
1980,Illinois,3.1,9.73,82.4
1980,Indiana,3.1,9.73,82.4
1980,Iowa,3.1,9.73,82.4
1980,Kansas,3.1,9.73,82.4
1980,Kentucky,3.1,9.73,82.4
1980,Louisiana,3.1,9.73,82.4
1980,Maine,3.1,9.73,82.4
1980,Maryland,3.1,9.73,82.4
1980,Massachusetts,3.1,9.73,82.4
1980,Michigan,3.1,9.73,82.4
1980,Minnesota,3.1,9.73,82.4
1980,Mississippi,3.1,9.73,82.4
1980,Missouri,3.1,9.73,82.4
1980,Montana,3.1,9.73,82.4
1980,Nebraska,3.1,9.73,82.4
1980,Nevada,3.1,9.73,82.4
1980,New Hampshire,3.1,9.73,82.4
1980,New Jersey,3.1,9.73,82.4
1980,New Mexico,3.1,9.73,82.4
1980,New York,3.1,9.73,82.4
1980,North Carolina,3.1,9.73,82.4
1980,North Dakota,3.1,9.73,82.4
1980,Ohio,3.1,9.73,82.4
1980,Oklahoma,3.1,9.73,82.4
1980,Oregon,3.1,9.73,82.4
1980,Pennsylvania,3.1,9.73,82.4
1980,Puerto Rico,3.1,9.73,82.4
1980,Rhode Island,3.1,9.73,82.4
1980,South Carolina,3.1,9.73,82.4
1980,South Dakota,3.1,9.73,82.4
1980,Tennessee,3.1,9.73,82.4
1980,Texas,3.1,9.73,82.4
1980,U.S. Virgin Islands,3.1,9.73,82.4
1980,Utah,3.1,9.73,82.4
1980,Vermont,3.1,9.73,82.4
1980,Virginia,3.1,9.73,82.4
1980,Washington,3.1,9.73,82.4
1980,West Virginia,3.1,9.73,82.4
1980,Wisconsin,3.1,9.73,82.4
1980,Wyoming,3.1,9.73,82.4
1981,Alabama,3.35,9.53,90.9
1981,Alaska,3.85,10.96,90.9
1981,Arizona,3.35,9.53,90.9
1981,Arkansas,3.35,9.53,90.9
1981,California,3.35,9.53,90.9
1981,Colorado,3.35,9.53,90.9
1981,Connecticut,3.37,9.59,90.9
1981,Delaware,3.35,9.53,90.9
1981,District of Columbia,3.35,9.53,90.9
1981,Florida,3.35,9.53,90.9
1981,Georgia,3.35,9.53,90.9
1981,Guam,3.35,9.53,90.9
1981,Hawaii,3.35,9.53,90.9
1981,Idaho,3.35,9.53,90.9
1981,Illinois,3.35,9.53,90.9
1981,Indiana,3.35,9.53,90.9
1981,Iowa,3.35,9.53,90.9
1981,Kansas,3.35,9.53,90.9
1981,Kentucky,3.35,9.53,90.9
1981,Louisiana,3.35,9.53,90.9
1981,Maine,3.35,9.53,90.9
1981,Maryland,3.35,9.53,90.9
1981,Massachusetts,3.35,9.53,90.9
1981,Michigan,3.35,9.53,90.9
1981,Minnesota,3.35,9.53,90.9
1981,Mississippi,3.35,9.53,90.9
1981,Missouri,3.35,9.53,90.9
1981,Montana,3.35,9.53,90.9
1981,Nebraska,3.35,9.53,90.9
1981,Nevada,3.35,9.53,90.9
1981,New Hampshire,3.35,9.53,90.9
1981,New Jersey,3.35,9.53,90.9
1981,New Mexico,3.35,9.53,90.9
1981,New York,3.35,9.53,90.9
1981,North Carolina,3.35,9.53,90.9
1981,North Dakota,3.35,9.53,90.9
1981,Ohio,3.35,9.53,90.9
1981,Oklahoma,3.35,9.53,90.9
1981,Oregon,3.35,9.53,90.9
1981,Pennsylvania,3.35,9.53,90.9
1981,Puerto Rico,3.35,9.53,90.9
1981,Rhode Island,3.35,9.53,90.9
1981,South Carolina,3.35,9.53,90.9
1981,South Dakota,3.35,9.53,90.9
1981,Tennessee,3.35,9.53,90.9
1981,Texas,3.35,9.53,90.9
1981,U.S. Virgin Islands,3.35,9.53,90.9
1981,Utah,3.35,9.53,90.9
1981,Vermont,3.35,9.53,90.9
1981,Virginia,3.35,9.53,90.9
1981,Washington,3.35,9.53,90.9
1981,West Virginia,3.35,9.53,90.9
1981,Wisconsin,3.35,9.53,90.9
1981,Wyoming,3.35,9.53,90.9
1982,Alabama,3.35,8.98,96.5
1982,Alaska,3.85,10.32,96.5
1982,Arizona,3.35,8.98,96.5
1982,Arkansas,3.35,8.98,96.5
1982,California,3.35,8.98,96.5
1982,Colorado,3.35,8.98,96.5
1982,Connecticut,3.37,9.03,96.5
1982,Delaware,3.35,8.98,96.5
1982,District of Columbia,3.35,8.98,96.5
1982,Florida,3.35,8.98,96.5
1982,Georgia,3.35,8.98,96.5
1982,Guam,3.35,8.98,96.5
1982,Hawaii,3.35,8.98,96.5
1982,Idaho,3.35,8.98,96.5
1982,Illinois,3.35,8.98,96.5
1982,Indiana,3.35,8.98,96.5
1982,Iowa,3.35,8.98,96.5
1982,Kansas,3.35,8.98,96.5
1982,Kentucky,3.35,8.98,96.5
1982,Louisiana,3.35,8.98,96.5
1982,Maine,3.35,8.98,96.5
1982,Maryland,3.35,8.98,96.5
1982,Massachusetts,3.35,8.98,96.5
1982,Michigan,3.35,8.98,96.5
1982,Minnesota,3.35,8.98,96.5
1982,Mississippi,3.35,8.98,96.5
1982,Missouri,3.35,8.98,96.5
1982,Montana,3.35,8.98,96.5
1982,Nebraska,3.35,8.98,96.5
1982,Nevada,3.35,8.98,96.5
1982,New Hampshire,3.35,8.98,96.5
1982,New Jersey,3.35,8.98,96.5
1982,New Mexico,3.35,8.98,96.5
1982,New York,3.35,8.98,96.5
1982,North Carolina,3.35,8.98,96.5
1982,North Dakota,3.35,8.98,96.5
1982,Ohio,3.35,8.98,96.5
1982,Oklahoma,3.35,8.98,96.5
1982,Oregon,3.35,8.98,96.5
1982,Pennsylvania,3.35,8.98,96.5
1982,Puerto Rico,3.35,8.98,96.5
1982,Rhode Island,3.35,8.98,96.5
1982,South Carolina,3.35,8.98,96.5
1982,South Dakota,3.35,8.98,96.5
1982,Tennessee,3.35,8.98,96.5
1982,Texas,3.35,8.98,96.5
1982,U.S. Virgin Islands,3.35,8.98,96.5
1982,Utah,3.35,8.98,96.5
1982,Vermont,3.35,8.98,96.5
1982,Virginia,3.35,8.98,96.5
1982,Washington,3.35,8.98,96.5
1982,West Virginia,3.35,8.98,96.5
1982,Wisconsin,3.35,8.98,96.5
1982,Wyoming,3.35,8.98,96.5
1983,Alabama,3.35,8.7,99.6
1983,Alaska,3.85,10,99.6
1983,Arizona,3.35,8.7,99.6
1983,Arkansas,3.35,8.7,99.6
1983,California,3.35,8.7,99.6
1983,Colorado,3.35,8.7,99.6
1983,Connecticut,3.37,8.75,99.6
1983,Delaware,3.35,8.7,99.6
1983,District of Columbia,3.35,8.7,99.6
1983,Florida,3.35,8.7,99.6
1983,Georgia,3.35,8.7,99.6
1983,Guam,3.35,8.7,99.6
1983,Hawaii,3.35,8.7,99.6
1983,Idaho,3.35,8.7,99.6
1983,Illinois,3.35,8.7,99.6
1983,Indiana,3.35,8.7,99.6
1983,Iowa,3.35,8.7,99.6
1983,Kansas,3.35,8.7,99.6
1983,Kentucky,3.35,8.7,99.6
1983,Louisiana,3.35,8.7,99.6
1983,Maine,3.35,8.7,99.6
1983,Maryland,3.35,8.7,99.6
1983,Massachusetts,3.35,8.7,99.6
1983,Michigan,3.35,8.7,99.6
1983,Minnesota,3.35,8.7,99.6
1983,Mississippi,3.35,8.7,99.6
1983,Missouri,3.35,8.7,99.6
1983,Montana,3.35,8.7,99.6
1983,Nebraska,3.35,8.7,99.6
1983,Nevada,3.35,8.7,99.6
1983,New Hampshire,3.35,8.7,99.6
1983,New Jersey,3.35,8.7,99.6
1983,New Mexico,3.35,8.7,99.6
1983,New York,3.35,8.7,99.6
1983,North Carolina,3.35,8.7,99.6
1983,North Dakota,3.35,8.7,99.6
1983,Ohio,3.35,8.7,99.6
1983,Oklahoma,3.35,8.7,99.6
1983,Oregon,3.35,8.7,99.6
1983,Pennsylvania,3.35,8.7,99.6
1983,Puerto Rico,3.35,8.7,99.6
1983,Rhode Island,3.35,8.7,99.6
1983,South Carolina,3.35,8.7,99.6
1983,South Dakota,3.35,8.7,99.6
1983,Tennessee,3.35,8.7,99.6
1983,Texas,3.35,8.7,99.6
1983,U.S. Virgin Islands,3.35,8.7,99.6
1983,Utah,3.35,8.7,99.6
1983,Vermont,3.35,8.7,99.6
1983,Virginia,3.35,8.7,99.6
1983,Washington,3.35,8.7,99.6
1983,West Virginia,3.35,8.7,99.6
1983,Wisconsin,3.35,8.7,99.6
1983,Wyoming,3.35,8.7,99.6
1984,Alabama,3.35,8.34,103.9
1984,Alaska,3.85,9.58,103.9
1984,Arizona,3.35,8.34,103.9
1984,Arkansas,3.35,8.34,103.9
1984,California,3.35,8.34,103.9
1984,Colorado,3.35,8.34,103.9
1984,Connecticut,3.37,8.39,103.9
1984,Delaware,3.35,8.34,103.9
1984,District of Columbia,3.35,8.34,103.9
1984,Florida,3.35,8.34,103.9
1984,Georgia,3.35,8.34,103.9
1984,Guam,3.35,8.34,103.9
1984,Hawaii,3.35,8.34,103.9
1984,Idaho,3.35,8.34,103.9
1984,Illinois,3.35,8.34,103.9
1984,Indiana,3.35,8.34,103.9
1984,Iowa,3.35,8.34,103.9
1984,Kansas,3.35,8.34,103.9
1984,Kentucky,3.35,8.34,103.9
1984,Louisiana,3.35,8.34,103.9
1984,Maine,3.35,8.34,103.9
1984,Maryland,3.35,8.34,103.9
1984,Massachusetts,3.35,8.34,103.9
1984,Michigan,3.35,8.34,103.9
1984,Minnesota,3.35,8.34,103.9
1984,Mississippi,3.35,8.34,103.9
1984,Missouri,3.35,8.34,103.9
1984,Montana,3.35,8.34,103.9
1984,Nebraska,3.35,8.34,103.9
1984,Nevada,3.35,8.34,103.9
1984,New Hampshire,3.35,8.34,103.9
1984,New Jersey,3.35,8.34,103.9
1984,New Mexico,3.35,8.34,103.9
1984,New York,3.35,8.34,103.9
1984,North Carolina,3.35,8.34,103.9
1984,North Dakota,3.35,8.34,103.9
1984,Ohio,3.35,8.34,103.9
1984,Oklahoma,3.35,8.34,103.9
1984,Oregon,3.35,8.34,103.9
1984,Pennsylvania,3.35,8.34,103.9
1984,Puerto Rico,3.35,8.34,103.9
1984,Rhode Island,3.35,8.34,103.9
1984,South Carolina,3.35,8.34,103.9
1984,South Dakota,3.35,8.34,103.9
1984,Tennessee,3.35,8.34,103.9
1984,Texas,3.35,8.34,103.9
1984,U.S. Virgin Islands,3.35,8.34,103.9
1984,Utah,3.35,8.34,103.9
1984,Vermont,3.35,8.34,103.9
1984,Virginia,3.35,8.34,103.9
1984,Washington,3.35,8.34,103.9
1984,West Virginia,3.35,8.34,103.9
1984,Wisconsin,3.35,8.34,103.9
1984,Wyoming,3.35,8.34,103.9
1985,Alabama,3.35,8.05,107.6
1985,Alaska,3.85,9.26,107.6
1985,Arizona,3.35,8.05,107.6
1985,Arkansas,3.35,8.05,107.6
1985,California,3.35,8.05,107.6
1985,Colorado,3.35,8.05,107.6
1985,Connecticut,3.37,8.1,107.6
1985,Delaware,3.35,8.05,107.6
1985,District of Columbia,3.35,8.05,107.6
1985,Florida,3.35,8.05,107.6
1985,Georgia,3.35,8.05,107.6
1985,Guam,3.35,8.05,107.6
1985,Hawaii,3.35,8.05,107.6
1985,Idaho,3.35,8.05,107.6
1985,Illinois,3.35,8.05,107.6
1985,Indiana,3.35,8.05,107.6
1985,Iowa,3.35,8.05,107.6
1985,Kansas,3.35,8.05,107.6
1985,Kentucky,3.35,8.05,107.6
1985,Louisiana,3.35,8.05,107.6
1985,Maine,3.35,8.05,107.6
1985,Maryland,3.35,8.05,107.6
1985,Massachusetts,3.35,8.05,107.6
1985,Michigan,3.35,8.05,107.6
1985,Minnesota,3.35,8.05,107.6
1985,Mississippi,3.35,8.05,107.6
1985,Missouri,3.35,8.05,107.6
1985,Montana,3.35,8.05,107.6
1985,Nebraska,3.35,8.05,107.6
1985,Nevada,3.35,8.05,107.6
1985,New Hampshire,3.35,8.05,107.6
1985,New Jersey,3.35,8.05,107.6
1985,New Mexico,3.35,8.05,107.6
1985,New York,3.35,8.05,107.6
1985,North Carolina,3.35,8.05,107.6
1985,North Dakota,3.35,8.05,107.6
1985,Ohio,3.35,8.05,107.6
1985,Oklahoma,3.35,8.05,107.6
1985,Oregon,3.35,8.05,107.6
1985,Pennsylvania,3.35,8.05,107.6
1985,Puerto Rico,3.35,8.05,107.6
1985,Rhode Island,3.35,8.05,107.6
1985,South Carolina,3.35,8.05,107.6
1985,South Dakota,3.35,8.05,107.6
1985,Tennessee,3.35,8.05,107.6
1985,Texas,3.35,8.05,107.6
1985,U.S. Virgin Islands,3.35,8.05,107.6
1985,Utah,3.35,8.05,107.6
1985,Vermont,3.35,8.05,107.6
1985,Virginia,3.35,8.05,107.6
1985,Washington,3.35,8.05,107.6
1985,West Virginia,3.35,8.05,107.6
1985,Wisconsin,3.35,8.05,107.6
1985,Wyoming,3.35,8.05,107.6
1986,Alabama,3.35,7.91,109.6
1986,Alaska,3.85,9.09,109.6
1986,Arizona,3.35,7.91,109.6
1986,Arkansas,3.35,7.91,109.6
1986,California,3.35,7.91,109.6
1986,Colorado,3.35,7.91,109.6
1986,Connecticut,3.37,7.95,109.6
1986,Delaware,3.35,7.91,109.6
1986,District of Columbia,3.35,7.91,109.6
1986,Florida,3.35,7.91,109.6
1986,Georgia,3.35,7.91,109.6
1986,Guam,3.35,7.91,109.6
1986,Hawaii,3.35,7.91,109.6
1986,Idaho,3.35,7.91,109.6
1986,Illinois,3.35,7.91,109.6
1986,Indiana,3.35,7.91,109.6
1986,Iowa,3.35,7.91,109.6
1986,Kansas,3.35,7.91,109.6
1986,Kentucky,3.35,7.91,109.6
1986,Louisiana,3.35,7.91,109.6
1986,Maine,3.35,7.91,109.6
1986,Maryland,3.35,7.91,109.6
1986,Massachusetts,3.35,7.91,109.6
1986,Michigan,3.35,7.91,109.6
1986,Minnesota,3.35,7.91,109.6
1986,Mississippi,3.35,7.91,109.6
1986,Missouri,3.35,7.91,109.6
1986,Montana,3.35,7.91,109.6
1986,Nebraska,3.35,7.91,109.6
1986,Nevada,3.35,7.91,109.6
1986,New Hampshire,3.35,7.91,109.6
1986,New Jersey,3.35,7.91,109.6
1986,New Mexico,3.35,7.91,109.6
1986,New York,3.35,7.91,109.6
1986,North Carolina,3.35,7.91,109.6
1986,North Dakota,3.35,7.91,109.6
1986,Ohio,3.35,7.91,109.6
1986,Oklahoma,3.35,7.91,109.6
1986,Oregon,3.35,7.91,109.6
1986,Pennsylvania,3.35,7.91,109.6
1986,Puerto Rico,3.35,7.91,109.6
1986,Rhode Island,3.35,7.91,109.6
1986,South Carolina,3.35,7.91,109.6
1986,South Dakota,3.35,7.91,109.6
1986,Tennessee,3.35,7.91,109.6
1986,Texas,3.35,7.91,109.6
1986,U.S. Virgin Islands,3.35,7.91,109.6
1986,Utah,3.35,7.91,109.6
1986,Vermont,3.35,7.91,109.6
1986,Virginia,3.35,7.91,109.6
1986,Washington,3.35,7.91,109.6
1986,West Virginia,3.35,7.91,109.6
1986,Wisconsin,3.35,7.91,109.6
1986,Wyoming,3.35,7.91,109.6
1987,Alabama,3.35,7.63,113.6
1987,Alaska,3.85,8.77,113.6
1987,Arizona,3.35,7.63,113.6
1987,Arkansas,3.35,7.63,113.6
1987,California,3.35,7.63,113.6
1987,Colorado,3.35,7.63,113.6
1987,Connecticut,3.37,7.67,113.6
1987,Delaware,3.35,7.63,113.6
1987,District of Columbia,3.35,7.63,113.6
1987,Florida,3.35,7.63,113.6
1987,Georgia,3.35,7.63,113.6
1987,Guam,3.35,7.63,113.6
1987,Hawaii,3.35,7.63,113.6
1987,Idaho,3.35,7.63,113.6
1987,Illinois,3.35,7.63,113.6
1987,Indiana,3.35,7.63,113.6
1987,Iowa,3.35,7.63,113.6
1987,Kansas,3.35,7.63,113.6
1987,Kentucky,3.35,7.63,113.6
1987,Louisiana,3.35,7.63,113.6
1987,Maine,3.35,7.63,113.6
1987,Maryland,3.35,7.63,113.6
1987,Massachusetts,3.35,7.63,113.6
1987,Michigan,3.35,7.63,113.6
1987,Minnesota,3.35,7.63,113.6
1987,Mississippi,3.35,7.63,113.6
1987,Missouri,3.35,7.63,113.6
1987,Montana,3.35,7.63,113.6
1987,Nebraska,3.35,7.63,113.6
1987,Nevada,3.35,7.63,113.6
1987,New Hampshire,3.35,7.63,113.6
1987,New Jersey,3.35,7.63,113.6
1987,New Mexico,3.35,7.63,113.6
1987,New York,3.35,7.63,113.6
1987,North Carolina,3.35,7.63,113.6
1987,North Dakota,3.35,7.63,113.6
1987,Ohio,3.35,7.63,113.6
1987,Oklahoma,3.35,7.63,113.6
1987,Oregon,3.35,7.63,113.6
1987,Pennsylvania,3.35,7.63,113.6
1987,Puerto Rico,3.35,7.63,113.6
1987,Rhode Island,3.35,7.63,113.6
1987,South Carolina,3.35,7.63,113.6
1987,South Dakota,3.35,7.63,113.6
1987,Tennessee,3.35,7.63,113.6
1987,Texas,3.35,7.63,113.6
1987,U.S. Virgin Islands,3.35,7.63,113.6
1987,Utah,3.35,7.63,113.6
1987,Vermont,3.35,7.63,113.6
1987,Virginia,3.35,7.63,113.6
1987,Washington,3.35,7.63,113.6
1987,West Virginia,3.35,7.63,113.6
1987,Wisconsin,3.35,7.63,113.6
1987,Wyoming,3.35,7.63,113.6
1988,Alabama,3.35,7.32,118.3
1988,Alaska,3.85,8.42,118.3
1988,Arizona,3.35,7.32,118.3
1988,Arkansas,3.35,7.32,118.3
1988,California,3.35,7.32,118.3
1988,Colorado,3.35,7.32,118.3
1988,Connecticut,3.75,8.2,118.3
1988,Delaware,3.35,7.32,118.3
1988,District of Columbia,3.5,7.65,118.3
1988,Florida,3.35,7.32,118.3
1988,Georgia,3.35,7.32,118.3
1988,Guam,3.35,7.32,118.3
1988,Hawaii,3.85,8.42,118.3
1988,Idaho,3.35,7.32,118.3
1988,Illinois,3.35,7.32,118.3
1988,Indiana,3.35,7.32,118.3
1988,Iowa,3.35,7.32,118.3
1988,Kansas,3.35,7.32,118.3
1988,Kentucky,3.35,7.32,118.3
1988,Louisiana,3.35,7.32,118.3
1988,Maine,3.65,7.98,118.3
1988,Maryland,3.35,7.32,118.3
1988,Massachusetts,3.65,7.98,118.3
1988,Michigan,3.35,7.32,118.3
1988,Minnesota,3.55,7.76,118.3
1988,Mississippi,3.35,7.32,118.3
1988,Missouri,3.35,7.32,118.3
1988,Montana,3.35,7.32,118.3
1988,Nebraska,3.35,7.32,118.3
1988,Nevada,3.35,7.32,118.3
1988,New Hampshire,3.55,7.76,118.3
1988,New Jersey,3.35,7.32,118.3
1988,New Mexico,3.35,7.32,118.3
1988,New York,3.35,7.32,118.3
1988,North Carolina,3.35,7.32,118.3
1988,North Dakota,3.35,7.32,118.3
1988,Ohio,3.35,7.32,118.3
1988,Oklahoma,3.35,7.32,118.3
1988,Oregon,3.35,7.32,118.3
1988,Pennsylvania,3.35,7.32,118.3
1988,Puerto Rico,3.35,7.32,118.3
1988,Rhode Island,3.65,7.98,118.3
1988,South Carolina,3.35,7.32,118.3
1988,South Dakota,3.35,7.32,118.3
1988,Tennessee,3.35,7.32,118.3
1988,Texas,3.35,7.32,118.3
1988,U.S. Virgin Islands,3.35,7.32,118.3
1988,Utah,3.35,7.32,118.3
1988,Vermont,3.55,7.76,118.3
1988,Virginia,3.35,7.32,118.3
1988,Washington,3.35,7.32,118.3
1988,West Virginia,3.35,7.32,118.3
1988,Wisconsin,3.35,7.32,118.3
1988,Wyoming,3.35,7.32,118.3
1989,Alabama,3.35,6.99,124
1989,Alaska,3.85,8.03,124
1989,Arizona,3.35,6.99,124
1989,Arkansas,3.35,6.99,124
1989,California,3.35,6.99,124
1989,Colorado,3.35,6.99,124
1989,Connecticut,3.75,7.82,124
1989,Delaware,3.35,6.99,124
1989,District of Columbia,3.5,7.3,124
1989,Florida,3.35,6.99,124
1989,Georgia,3.35,6.99,124
1989,Guam,3.35,6.99,124
1989,Hawaii,3.85,8.03,124
1989,Idaho,3.35,6.99,124
1989,Illinois,3.35,6.99,124
1989,Indiana,3.35,6.99,124
1989,Iowa,3.35,6.99,124
1989,Kansas,3.35,6.99,124
1989,Kentucky,3.35,6.99,124
1989,Louisiana,3.35,6.99,124
1989,Maine,3.65,7.61,124
1989,Maryland,3.35,6.99,124
1989,Massachusetts,3.65,7.61,124
1989,Michigan,3.35,6.99,124
1989,Minnesota,3.55,7.41,124
1989,Mississippi,3.35,6.99,124
1989,Missouri,3.35,6.99,124
1989,Montana,3.35,6.99,124
1989,Nebraska,3.35,6.99,124
1989,Nevada,3.35,6.99,124
1989,New Hampshire,3.55,7.41,124
1989,New Jersey,3.35,6.99,124
1989,New Mexico,3.35,6.99,124
1989,New York,3.35,6.99,124
1989,North Carolina,3.35,6.99,124
1989,North Dakota,3.35,6.99,124
1989,Ohio,3.35,6.99,124
1989,Oklahoma,3.35,6.99,124
1989,Oregon,3.35,6.99,124
1989,Pennsylvania,3.35,6.99,124
1989,Puerto Rico,3.35,6.99,124
1989,Rhode Island,3.65,7.61,124
1989,South Carolina,3.35,6.99,124
1989,South Dakota,3.35,6.99,124
1989,Tennessee,3.35,6.99,124
1989,Texas,3.35,6.99,124
1989,U.S. Virgin Islands,3.35,6.99,124
1989,Utah,3.35,6.99,124
1989,Vermont,3.55,7.41,124
1989,Virginia,3.35,6.99,124
1989,Washington,3.35,6.99,124
1989,West Virginia,3.35,6.99,124
1989,Wisconsin,3.35,6.99,124
1989,Wyoming,3.35,6.99,124
1990,Alabama,3.35,6.63,130.7
1990,Alaska,3.85,7.62,130.7
1990,Arizona,3.35,6.63,130.7
1990,Arkansas,3.35,6.63,130.7
1990,California,3.35,6.63,130.7
1990,Colorado,3.35,6.63,130.7
1990,Connecticut,3.75,7.42,130.7
1990,Delaware,3.35,6.63,130.7
1990,District of Columbia,3.5,6.93,130.7
1990,Florida,3.35,6.63,130.7
1990,Georgia,3.35,6.63,130.7
1990,Guam,3.35,6.63,130.7
1990,Hawaii,3.85,7.62,130.7
1990,Idaho,3.35,6.63,130.7
1990,Illinois,3.35,6.63,130.7
1990,Indiana,3.35,6.63,130.7
1990,Iowa,3.35,6.63,130.7
1990,Kansas,3.35,6.63,130.7
1990,Kentucky,3.35,6.63,130.7
1990,Louisiana,3.35,6.63,130.7
1990,Maine,3.65,7.22,130.7
1990,Maryland,3.35,6.63,130.7
1990,Massachusetts,3.65,7.22,130.7
1990,Michigan,3.35,6.63,130.7
1990,Minnesota,3.55,7.03,130.7
1990,Mississippi,3.35,6.63,130.7
1990,Missouri,3.35,6.63,130.7
1990,Montana,3.35,6.63,130.7
1990,Nebraska,3.35,6.63,130.7
1990,Nevada,3.35,6.63,130.7
1990,New Hampshire,3.55,7.03,130.7
1990,New Jersey,3.35,6.63,130.7
1990,New Mexico,3.35,6.63,130.7
1990,New York,3.35,6.63,130.7
1990,North Carolina,3.35,6.63,130.7
1990,North Dakota,3.35,6.63,130.7
1990,Ohio,3.35,6.63,130.7
1990,Oklahoma,3.35,6.63,130.7
1990,Oregon,3.35,6.63,130.7
1990,Pennsylvania,3.35,6.63,130.7
1990,Puerto Rico,3.35,6.63,130.7
1990,Rhode Island,3.65,7.22,130.7
1990,South Carolina,3.35,6.63,130.7
1990,South Dakota,3.35,6.63,130.7
1990,Tennessee,3.35,6.63,130.7
1990,Texas,3.35,6.63,130.7
1990,U.S. Virgin Islands,3.35,6.63,130.7
1990,Utah,3.35,6.63,130.7
1990,Vermont,3.55,7.03,130.7
1990,Virginia,3.35,6.63,130.7
1990,Washington,3.35,6.63,130.7
1990,West Virginia,3.35,6.63,130.7
1990,Wisconsin,3.35,6.63,130.7
1990,Wyoming,3.35,6.63,130.7
1991,Alabama,3.8,7.22,136.2
1991,Alaska,4.3,8.17,136.2
1991,Arizona,3.8,7.22,136.2
1991,Arkansas,3.8,7.22,136.2
1991,California,4.25,8.07,136.2
1991,Colorado,3.8,7.22,136.2
1991,Connecticut,4.25,8.07,136.2
1991,Delaware,3.8,7.22,136.2
1991,District of Columbia,3.8,7.22,136.2
1991,Florida,3.8,7.22,136.2
1991,Georgia,3.8,7.22,136.2
1991,Guam,3.8,7.22,136.2
1991,Hawaii,3.85,7.31,136.2
1991,Idaho,3.8,7.22,136.2
1991,Illinois,3.8,7.22,136.2
1991,Indiana,3.8,7.22,136.2
1991,Iowa,4.25,8.07,136.2
1991,Kansas,3.8,7.22,136.2
1991,Kentucky,3.8,7.22,136.2
1991,Louisiana,3.8,7.22,136.2
1991,Maine,3.85,7.31,136.2
1991,Maryland,3.8,7.22,136.2
1991,Massachusetts,3.8,7.22,136.2
1991,Michigan,3.8,7.22,136.2
1991,Minnesota,4.25,8.07,136.2
1991,Mississippi,3.8,7.22,136.2
1991,Missouri,3.8,7.22,136.2
1991,Montana,3.8,7.22,136.2
1991,Nebraska,3.8,7.22,136.2
1991,Nevada,3.8,7.22,136.2
1991,New Hampshire,3.85,7.31,136.2
1991,New Jersey,3.8,7.22,136.2
1991,New Mexico,3.8,7.22,136.2
1991,New York,3.8,7.22,136.2
1991,North Carolina,3.8,7.22,136.2
1991,North Dakota,3.8,7.22,136.2
1991,Ohio,3.8,7.22,136.2
1991,Oklahoma,3.8,7.22,136.2
1991,Oregon,4.75,9.02,136.2
1991,Pennsylvania,3.8,7.22,136.2
1991,Puerto Rico,3.8,7.22,136.2
1991,Rhode Island,4.25,8.07,136.2
1991,South Carolina,3.8,7.22,136.2
1991,South Dakota,3.8,7.22,136.2
1991,Tennessee,3.8,7.22,136.2
1991,Texas,3.8,7.22,136.2
1991,U.S. Virgin Islands,4.65,8.83,136.2
1991,Utah,3.8,7.22,136.2
1991,Vermont,3.85,7.31,136.2
1991,Virginia,3.8,7.22,136.2
1991,Washington,4.25,8.07,136.2
1991,West Virginia,3.8,7.22,136.2
1991,Wisconsin,3.8,7.22,136.2
1991,Wyoming,3.8,7.22,136.2
1992,Alabama,4.25,7.84,140.3
1992,Alaska,4.75,8.76,140.3
1992,Arizona,4.25,7.84,140.3
1992,Arkansas,4.25,7.84,140.3
1992,California,4.25,7.84,140.3
1992,Colorado,4.25,7.84,140.3
1992,Connecticut,4.27,7.87,140.3
1992,Delaware,4.25,7.84,140.3
1992,District of Columbia,4.25,7.84,140.3
1992,Florida,4.25,7.84,140.3
1992,Georgia,4.25,7.84,140.3
1992,Guam,4.25,7.84,140.3
1992,Hawaii,4.25,7.84,140.3
1992,Idaho,4.25,7.84,140.3
1992,Illinois,4.25,7.84,140.3
1992,Indiana,4.25,7.84,140.3
1992,Iowa,4.65,8.57,140.3
1992,Kansas,4.25,7.84,140.3
1992,Kentucky,4.25,7.84,140.3
1992,Louisiana,4.25,7.84,140.3
1992,Maine,4.25,7.84,140.3
1992,Maryland,4.25,7.84,140.3
1992,Massachusetts,4.25,7.84,140.3
1992,Michigan,4.25,7.84,140.3
1992,Minnesota,4.25,7.84,140.3
1992,Mississippi,4.25,7.84,140.3
1992,Missouri,4.25,7.84,140.3
1992,Montana,4.25,7.84,140.3
1992,Nebraska,4.25,7.84,140.3
1992,Nevada,4.25,7.84,140.3
1992,New Hampshire,4.25,7.84,140.3
1992,New Jersey,4.25,7.84,140.3
1992,New Mexico,4.25,7.84,140.3
1992,New York,4.25,7.84,140.3
1992,North Carolina,4.25,7.84,140.3
1992,North Dakota,4.25,7.84,140.3
1992,Ohio,4.25,7.84,140.3
1992,Oklahoma,4.25,7.84,140.3
1992,Oregon,4.75,8.76,140.3
1992,Pennsylvania,4.25,7.84,140.3
1992,Puerto Rico,4.25,7.84,140.3
1992,Rhode Island,4.45,8.2,140.3
1992,South Carolina,4.25,7.84,140.3
1992,South Dakota,4.25,7.84,140.3
1992,Tennessee,4.25,7.84,140.3
1992,Texas,4.25,7.84,140.3
1992,U.S. Virgin Islands,4.65,8.57,140.3
1992,Utah,4.25,7.84,140.3
1992,Vermont,4.25,7.84,140.3
1992,Virginia,4.25,7.84,140.3
1992,Washington,4.25,7.84,140.3
1992,West Virginia,4.25,7.84,140.3
1992,Wisconsin,4.25,7.84,140.3
1992,Wyoming,4.25,7.84,140.3
1993,Alabama,4.25,7.61,144.5
1993,Alaska,4.75,8.5,144.5
1993,Arizona,4.25,7.61,144.5
1993,Arkansas,4.25,7.61,144.5
1993,California,4.25,7.61,144.5
1993,Colorado,4.25,7.61,144.5
1993,Connecticut,4.27,7.64,144.5
1993,Delaware,4.25,7.61,144.5
1993,District of Columbia,4.25,7.61,144.5
1993,Florida,4.25,7.61,144.5
1993,Georgia,4.25,7.61,144.5
1993,Guam,4.25,7.61,144.5
1993,Hawaii,4.25,7.61,144.5
1993,Idaho,4.25,7.61,144.5
1993,Illinois,4.25,7.61,144.5
1993,Indiana,4.25,7.61,144.5
1993,Iowa,4.65,8.32,144.5
1993,Kansas,4.25,7.61,144.5
1993,Kentucky,4.25,7.61,144.5
1993,Louisiana,4.25,7.61,144.5
1993,Maine,4.25,7.61,144.5
1993,Maryland,4.25,7.61,144.5
1993,Massachusetts,4.25,7.61,144.5
1993,Michigan,4.25,7.61,144.5
1993,Minnesota,4.25,7.61,144.5
1993,Mississippi,4.25,7.61,144.5
1993,Missouri,4.25,7.61,144.5
1993,Montana,4.25,7.61,144.5
1993,Nebraska,4.25,7.61,144.5
1993,Nevada,4.25,7.61,144.5
1993,New Hampshire,4.25,7.61,144.5
1993,New Jersey,4.25,7.61,144.5
1993,New Mexico,4.25,7.61,144.5
1993,New York,4.25,7.61,144.5
1993,North Carolina,4.25,7.61,144.5
1993,North Dakota,4.25,7.61,144.5
1993,Ohio,4.25,7.61,144.5
1993,Oklahoma,4.25,7.61,144.5
1993,Oregon,4.75,8.5,144.5
1993,Pennsylvania,4.25,7.61,144.5
1993,Puerto Rico,4.25,7.61,144.5
1993,Rhode Island,4.45,7.97,144.5
1993,South Carolina,4.25,7.61,144.5
1993,South Dakota,4.25,7.61,144.5
1993,Tennessee,4.25,7.61,144.5
1993,Texas,4.25,7.61,144.5
1993,U.S. Virgin Islands,4.65,8.32,144.5
1993,Utah,4.25,7.61,144.5
1993,Vermont,4.25,7.61,144.5
1993,Virginia,4.25,7.61,144.5
1993,Washington,4.25,7.61,144.5
1993,West Virginia,4.25,7.61,144.5
1993,Wisconsin,4.25,7.61,144.5
1993,Wyoming,4.25,7.61,144.5
1994,Alabama,4.25,7.42,148.2
1994,Alaska,4.75,8.29,148.2
1994,Arizona,4.25,7.42,148.2
1994,Arkansas,4.25,7.42,148.2
1994,California,4.25,7.42,148.2
1994,Colorado,4.25,7.42,148.2
1994,Connecticut,4.27,7.45,148.2
1994,Delaware,4.25,7.42,148.2
1994,District of Columbia,4.25,7.42,148.2
1994,Florida,4.25,7.42,148.2
1994,Georgia,4.25,7.42,148.2
1994,Guam,4.25,7.42,148.2
1994,Hawaii,5.25,9.16,148.2
1994,Idaho,4.25,7.42,148.2
1994,Illinois,4.25,7.42,148.2
1994,Indiana,4.25,7.42,148.2
1994,Iowa,4.65,8.12,148.2
1994,Kansas,4.25,7.42,148.2
1994,Kentucky,4.25,7.42,148.2
1994,Louisiana,4.25,7.42,148.2
1994,Maine,4.25,7.42,148.2
1994,Maryland,4.25,7.42,148.2
1994,Massachusetts,4.25,7.42,148.2
1994,Michigan,4.25,7.42,148.2
1994,Minnesota,4.25,7.42,148.2
1994,Mississippi,4.25,7.42,148.2
1994,Missouri,4.25,7.42,148.2
1994,Montana,4.25,7.42,148.2
1994,Nebraska,4.25,7.42,148.2
1994,Nevada,4.25,7.42,148.2
1994,New Hampshire,4.25,7.42,148.2
1994,New Jersey,5.05,8.81,148.2
1994,New Mexico,4.25,7.42,148.2
1994,New York,4.25,7.42,148.2
1994,North Carolina,4.25,7.42,148.2
1994,North Dakota,4.25,7.42,148.2
1994,Ohio,4.25,7.42,148.2
1994,Oklahoma,4.25,7.42,148.2
1994,Oregon,4.75,8.29,148.2
1994,Pennsylvania,4.25,7.42,148.2
1994,Puerto Rico,4.25,7.42,148.2
1994,Rhode Island,4.45,7.77,148.2
1994,South Carolina,4.25,7.42,148.2
1994,South Dakota,4.25,7.42,148.2
1994,Tennessee,4.25,7.42,148.2
1994,Texas,4.25,7.42,148.2
1994,U.S. Virgin Islands,4.65,8.12,148.2
1994,Utah,4.25,7.42,148.2
1994,Vermont,4.25,7.42,148.2
1994,Virginia,4.25,7.42,148.2
1994,Washington,4.25,7.42,148.2
1994,West Virginia,4.25,7.42,148.2
1994,Wisconsin,4.25,7.42,148.2
1994,Wyoming,4.25,7.42,148.2
1995,Alabama,4.25,7.21,152.4
1995,Alaska,4.75,8.06,152.4
1995,Arizona,4.25,7.21,152.4
1995,Arkansas,4.25,7.21,152.4
1995,California,4.25,7.21,152.4
1995,Colorado,4.25,7.21,152.4
1995,Connecticut,4.27,7.25,152.4
1995,Delaware,4.25,7.21,152.4
1995,District of Columbia,4.25,7.21,152.4
1995,Florida,4.25,7.21,152.4
1995,Georgia,4.25,7.21,152.4
1995,Guam,4.25,7.21,152.4
1995,Hawaii,5.25,8.91,152.4
1995,Idaho,4.25,7.21,152.4
1995,Illinois,4.25,7.21,152.4
1995,Indiana,4.25,7.21,152.4
1995,Iowa,4.65,7.89,152.4
1995,Kansas,4.25,7.21,152.4
1995,Kentucky,4.25,7.21,152.4
1995,Louisiana,4.25,7.21,152.4
1995,Maine,4.25,7.21,152.4
1995,Maryland,4.25,7.21,152.4
1995,Massachusetts,4.25,7.21,152.4
1995,Michigan,4.25,7.21,152.4
1995,Minnesota,4.25,7.21,152.4
1995,Mississippi,4.25,7.21,152.4
1995,Missouri,4.25,7.21,152.4
1995,Montana,4.25,7.21,152.4
1995,Nebraska,4.25,7.21,152.4
1995,Nevada,4.25,7.21,152.4
1995,New Hampshire,4.25,7.21,152.4
1995,New Jersey,5.05,8.57,152.4
1995,New Mexico,4.25,7.21,152.4
1995,New York,4.25,7.21,152.4
1995,North Carolina,4.25,7.21,152.4
1995,North Dakota,4.25,7.21,152.4
1995,Ohio,4.25,7.21,152.4
1995,Oklahoma,4.25,7.21,152.4
1995,Oregon,4.75,8.06,152.4
1995,Pennsylvania,4.25,7.21,152.4
1995,Puerto Rico,4.25,7.21,152.4
1995,Rhode Island,4.45,7.55,152.4
1995,South Carolina,4.25,7.21,152.4
1995,South Dakota,4.25,7.21,152.4
1995,Tennessee,4.25,7.21,152.4
1995,Texas,4.25,7.21,152.4
1995,U.S. Virgin Islands,4.65,7.89,152.4
1995,Utah,4.25,7.21,152.4
1995,Vermont,4.25,7.21,152.4
1995,Virginia,4.25,7.21,152.4
1995,Washington,4.25,7.21,152.4
1995,West Virginia,4.25,7.21,152.4
1995,Wisconsin,4.25,7.21,152.4
1995,Wyoming,4.25,7.21,152.4
1996,Alabama,4.25,7.01,156.9
1996,Alaska,4.75,7.83,156.9
1996,Arizona,4.25,7.01,156.9
1996,Arkansas,4.25,7.01,156.9
1996,California,4.25,7.01,156.9
1996,Colorado,4.25,7.01,156.9
1996,Connecticut,4.27,7.04,156.9
1996,Delaware,4.65,7.67,156.9
1996,District of Columbia,5.25,8.65,156.9
1996,Florida,4.25,7.01,156.9
1996,Georgia,4.25,7.01,156.9
1996,Guam,4.25,7.01,156.9
1996,Hawaii,5.25,8.65,156.9
1996,Idaho,4.25,7.01,156.9
1996,Illinois,4.25,7.01,156.9
1996,Indiana,4.25,7.01,156.9
1996,Iowa,4.65,7.67,156.9
1996,Kansas,4.25,7.01,156.9
1996,Kentucky,4.25,7.01,156.9
1996,Louisiana,4.25,7.01,156.9
1996,Maine,4.25,7.01,156.9
1996,Maryland,4.25,7.01,156.9
1996,Massachusetts,4.75,7.83,156.9
1996,Michigan,4.25,7.01,156.9
1996,Minnesota,4.25,7.01,156.9
1996,Mississippi,4.25,7.01,156.9
1996,Missouri,4.25,7.01,156.9
1996,Montana,4.25,7.01,156.9
1996,Nebraska,4.25,7.01,156.9
1996,Nevada,4.25,7.01,156.9
1996,New Hampshire,4.25,7.01,156.9
1996,New Jersey,5.05,8.33,156.9
1996,New Mexico,4.25,7.01,156.9
1996,New York,4.25,7.01,156.9
1996,North Carolina,4.25,7.01,156.9
1996,North Dakota,4.25,7.01,156.9
1996,Ohio,4.25,7.01,156.9
1996,Oklahoma,4.25,7.01,156.9
1996,Oregon,4.75,7.83,156.9
1996,Pennsylvania,4.25,7.01,156.9
1996,Puerto Rico,4.25,7.01,156.9
1996,Rhode Island,4.45,7.34,156.9
1996,South Carolina,4.25,7.01,156.9
1996,South Dakota,4.25,7.01,156.9
1996,Tennessee,4.25,7.01,156.9
1996,Texas,4.25,7.01,156.9
1996,U.S. Virgin Islands,4.65,7.67,156.9
1996,Utah,4.25,7.01,156.9
1996,Vermont,4.75,7.83,156.9
1996,Virginia,4.25,7.01,156.9
1996,Washington,4.9,8.08,156.9
1996,West Virginia,4.25,7.01,156.9
1996,Wisconsin,4.25,7.01,156.9
1996,Wyoming,4.25,7.01,156.9
1997,Alabama,4.75,7.66,160.5
1997,Alaska,5.25,8.46,160.5
1997,Arizona,4.75,7.66,160.5
1997,Arkansas,4.75,7.66,160.5
1997,California,4.75,7.66,160.5
1997,Colorado,4.75,7.66,160.5
1997,Connecticut,4.77,7.69,160.5
1997,Delaware,5,8.06,160.5
1997,District of Columbia,5.75,9.27,160.5
1997,Florida,4.75,7.66,160.5
1997,Georgia,4.75,7.66,160.5
1997,Guam,4.75,7.66,160.5
1997,Hawaii,5.25,8.46,160.5
1997,Idaho,4.75,7.66,160.5
1997,Illinois,4.75,7.66,160.5
1997,Indiana,4.75,7.66,160.5
1997,Iowa,4.75,7.66,160.5
1997,Kansas,4.75,7.66,160.5
1997,Kentucky,4.75,7.66,160.5
1997,Louisiana,4.75,7.66,160.5
1997,Maine,4.75,7.66,160.5
1997,Maryland,4.75,7.66,160.5
1997,Massachusetts,5.25,8.46,160.5
1997,Michigan,4.75,7.66,160.5
1997,Minnesota,4.75,7.66,160.5
1997,Mississippi,4.75,7.66,160.5
1997,Missouri,4.75,7.66,160.5
1997,Montana,4.75,7.66,160.5
1997,Nebraska,4.75,7.66,160.5
1997,Nevada,4.75,7.66,160.5
1997,New Hampshire,4.75,7.66,160.5
1997,New Jersey,5.05,8.14,160.5
1997,New Mexico,4.75,7.66,160.5
1997,New York,4.75,7.66,160.5
1997,North Carolina,4.75,7.66,160.5
1997,North Dakota,4.75,7.66,160.5
1997,Ohio,4.75,7.66,160.5
1997,Oklahoma,4.75,7.66,160.5
1997,Oregon,5.5,8.86,160.5
1997,Pennsylvania,4.75,7.66,160.5
1997,Puerto Rico,4.75,7.66,160.5
1997,Rhode Island,5.15,8.3,160.5
1997,South Carolina,4.75,7.66,160.5
1997,South Dakota,4.75,7.66,160.5
1997,Tennessee,4.75,7.66,160.5
1997,Texas,4.75,7.66,160.5
1997,U.S. Virgin Islands,4.75,7.66,160.5
1997,Utah,4.75,7.66,160.5
1997,Vermont,5,8.06,160.5
1997,Virginia,4.75,7.66,160.5
1997,Washington,4.9,7.9,160.5
1997,West Virginia,4.75,7.66,160.5
1997,Wisconsin,4.75,7.66,160.5
1997,Wyoming,4.75,7.66,160.5
1998,Alabama,5.15,8.17,163
1998,Alaska,5.65,8.97,163
1998,Arizona,5.15,8.17,163
1998,Arkansas,5.15,8.17,163
1998,California,5.15,8.17,163
1998,Colorado,5.15,8.17,163
1998,Connecticut,5.18,8.22,163
1998,Delaware,5.15,8.17,163
1998,District of Columbia,6.15,9.76,163
1998,Florida,5.15,8.17,163
1998,Georgia,5.15,8.17,163
1998,Guam,5.15,8.17,163
1998,Hawaii,5.25,8.33,163
1998,Idaho,5.15,8.17,163
1998,Illinois,5.15,8.17,163
1998,Indiana,5.15,8.17,163
1998,Iowa,5.15,8.17,163
1998,Kansas,5.15,8.17,163
1998,Kentucky,5.15,8.17,163
1998,Louisiana,5.15,8.17,163
1998,Maine,5.15,8.17,163
1998,Maryland,5.15,8.17,163
1998,Massachusetts,5.25,8.33,163
1998,Michigan,5.15,8.17,163
1998,Minnesota,5.15,8.17,163
1998,Mississippi,5.15,8.17,163
1998,Missouri,5.15,8.17,163
1998,Montana,5.15,8.17,163
1998,Nebraska,5.15,8.17,163
1998,Nevada,5.15,8.17,163
1998,New Hampshire,5.15,8.17,163
1998,New Jersey,5.15,8.17,163
1998,New Mexico,5.15,8.17,163
1998,New York,5.15,8.17,163
1998,North Carolina,5.15,8.17,163
1998,North Dakota,5.15,8.17,163
1998,Ohio,5.15,8.17,163
1998,Oklahoma,5.15,8.17,163
1998,Oregon,6,9.52,163
1998,Pennsylvania,5.15,8.17,163
1998,Puerto Rico,5.15,8.17,163
1998,Rhode Island,5.15,8.17,163
1998,South Carolina,5.15,8.17,163
1998,South Dakota,5.15,8.17,163
1998,Tennessee,5.15,8.17,163
1998,Texas,5.15,8.17,163
1998,U.S. Virgin Islands,5.15,8.17,163
1998,Utah,5.15,8.17,163
1998,Vermont,5.25,8.33,163
1998,Virginia,5.15,8.17,163
1998,Washington,5.15,8.17,163
1998,West Virginia,5.15,8.17,163
1998,Wisconsin,5.15,8.17,163
1998,Wyoming,5.15,8.17,163
1999,Alabama,5.15,8,166.6
1999,Alaska,5.65,8.77,166.6
1999,Arizona,5.15,8,166.6
1999,Arkansas,5.15,8,166.6
1999,California,5.15,8,166.6
1999,Colorado,5.15,8,166.6
1999,Connecticut,5.18,8.04,166.6
1999,Delaware,5.15,8,166.6
1999,District of Columbia,6.15,9.55,166.6
1999,Florida,5.15,8,166.6
1999,Georgia,5.15,8,166.6
1999,Guam,5.15,8,166.6
1999,Hawaii,5.25,8.15,166.6
1999,Idaho,5.15,8,166.6
1999,Illinois,5.15,8,166.6
1999,Indiana,5.15,8,166.6
1999,Iowa,5.15,8,166.6
1999,Kansas,5.15,8,166.6
1999,Kentucky,5.15,8,166.6
1999,Louisiana,5.15,8,166.6
1999,Maine,5.15,8,166.6
1999,Maryland,5.15,8,166.6
1999,Massachusetts,5.25,8.15,166.6
1999,Michigan,5.15,8,166.6
1999,Minnesota,5.15,8,166.6
1999,Mississippi,5.15,8,166.6
1999,Missouri,5.15,8,166.6
1999,Montana,5.15,8,166.6
1999,Nebraska,5.15,8,166.6
1999,Nevada,5.15,8,166.6
1999,New Hampshire,5.15,8,166.6
1999,New Jersey,5.15,8,166.6
1999,New Mexico,5.15,8,166.6
1999,New York,5.15,8,166.6
1999,North Carolina,5.15,8,166.6
1999,North Dakota,5.15,8,166.6
1999,Ohio,5.15,8,166.6
1999,Oklahoma,5.15,8,166.6
1999,Oregon,6,9.32,166.6
1999,Pennsylvania,5.15,8,166.6
1999,Puerto Rico,5.15,8,166.6
1999,Rhode Island,5.15,8,166.6
1999,South Carolina,5.15,8,166.6
1999,South Dakota,5.15,8,166.6
1999,Tennessee,5.15,8,166.6
1999,Texas,5.15,8,166.6
1999,U.S. Virgin Islands,5.15,8,166.6
1999,Utah,5.15,8,166.6
1999,Vermont,5.25,8.15,166.6
1999,Virginia,5.15,8,166.6
1999,Washington,5.15,8,166.6
1999,West Virginia,5.15,8,166.6
1999,Wisconsin,5.15,8,166.6
1999,Wyoming,5.15,8,166.6
2000,Alabama,5.15,7.74,172.2
2000,Alaska,5.65,8.49,172.2
2000,Arizona,5.15,7.74,172.2
2000,Arkansas,5.15,7.74,172.2
2000,California,5.75,8.64,172.2
2000,Colorado,5.15,7.74,172.2
2000,Connecticut,6.15,9.24,172.2
2000,Delaware,5.65,8.49,172.2
2000,District of Columbia,6.15,9.24,172.2
2000,Florida,5.15,7.74,172.2
2000,Georgia,5.15,7.74,172.2
2000,Guam,5.15,7.74,172.2
2000,Hawaii,5.25,7.89,172.2
2000,Idaho,5.15,7.74,172.2
2000,Illinois,5.15,7.74,172.2
2000,Indiana,5.15,7.74,172.2
2000,Iowa,5.15,7.74,172.2
2000,Kansas,5.15,7.74,172.2
2000,Kentucky,5.15,7.74,172.2
2000,Louisiana,5.15,7.74,172.2
2000,Maine,5.15,7.74,172.2
2000,Maryland,5.15,7.74,172.2
2000,Massachusetts,6,9.01,172.2
2000,Michigan,5.15,7.74,172.2
2000,Minnesota,5.15,7.74,172.2
2000,Mississippi,5.15,7.74,172.2
2000,Missouri,5.15,7.74,172.2
2000,Montana,5.15,7.74,172.2
2000,Nebraska,5.15,7.74,172.2
2000,Nevada,5.15,7.74,172.2
2000,New Hampshire,5.15,7.74,172.2
2000,New Jersey,5.15,7.74,172.2
2000,New Mexico,5.15,7.74,172.2
2000,New York,5.15,7.74,172.2
2000,North Carolina,5.15,7.74,172.2
2000,North Dakota,5.15,7.74,172.2
2000,Ohio,5.15,7.74,172.2
2000,Oklahoma,5.15,7.74,172.2
2000,Oregon,6.5,9.76,172.2
2000,Pennsylvania,5.15,7.74,172.2
2000,Puerto Rico,5.15,7.74,172.2
2000,Rhode Island,5.65,8.49,172.2
2000,South Carolina,5.15,7.74,172.2
2000,South Dakota,5.15,7.74,172.2
2000,Tennessee,5.15,7.74,172.2
2000,Texas,5.15,7.74,172.2
2000,U.S. Virgin Islands,5.15,7.74,172.2
2000,Utah,5.15,7.74,172.2
2000,Vermont,5.75,8.64,172.2
2000,Virginia,5.15,7.74,172.2
2000,Washington,6.5,9.76,172.2
2000,West Virginia,5.15,7.74,172.2
2000,Wisconsin,5.15,7.74,172.2
2000,Wyoming,5.15,7.74,172.2
2001,Alabama,5.15,7.52,177.1
2001,Alaska,5.65,8.25,177.1
2001,Arizona,5.15,7.52,177.1
2001,Arkansas,5.15,7.52,177.1
2001,California,6.25,9.13,177.1
2001,Colorado,5.15,7.52,177.1
2001,Connecticut,6.4,9.35,177.1
2001,Delaware,6.15,8.98,177.1
2001,District of Columbia,6.15,8.98,177.1
2001,Florida,5.15,7.52,177.1
2001,Georgia,5.15,7.52,177.1
2001,Guam,5.15,7.52,177.1
2001,Hawaii,5.25,7.67,177.1
2001,Idaho,5.15,7.52,177.1
2001,Illinois,5.15,7.52,177.1
2001,Indiana,5.15,7.52,177.1
2001,Iowa,5.15,7.52,177.1
2001,Kansas,5.15,7.52,177.1
2001,Kentucky,5.15,7.52,177.1
2001,Louisiana,5.15,7.52,177.1
2001,Maine,5.15,7.52,177.1
2001,Maryland,5.15,7.52,177.1
2001,Massachusetts,6.75,9.86,177.1
2001,Michigan,5.15,7.52,177.1
2001,Minnesota,5.15,7.52,177.1
2001,Mississippi,5.15,7.52,177.1
2001,Missouri,5.15,7.52,177.1
2001,Montana,5.15,7.52,177.1
2001,Nebraska,5.15,7.52,177.1
2001,Nevada,5.15,7.52,177.1
2001,New Hampshire,5.15,7.52,177.1
2001,New Jersey,5.15,7.52,177.1
2001,New Mexico,5.15,7.52,177.1
2001,New York,5.15,7.52,177.1
2001,North Carolina,5.15,7.52,177.1
2001,North Dakota,5.15,7.52,177.1
2001,Ohio,5.15,7.52,177.1
2001,Oklahoma,5.15,7.52,177.1
2001,Oregon,6.5,9.49,177.1
2001,Pennsylvania,5.15,7.52,177.1
2001,Puerto Rico,5.15,7.52,177.1
2001,Rhode Island,6.15,8.98,177.1
2001,South Carolina,5.15,7.52,177.1
2001,South Dakota,5.15,7.52,177.1
2001,Tennessee,5.15,7.52,177.1
2001,Texas,5.15,7.52,177.1
2001,U.S. Virgin Islands,5.15,7.52,177.1
2001,Utah,5.15,7.52,177.1
2001,Vermont,6.25,9.13,177.1
2001,Virginia,5.15,7.52,177.1
2001,Washington,6.72,9.81,177.1
2001,West Virginia,5.15,7.52,177.1
2001,Wisconsin,5.15,7.52,177.1
2001,Wyoming,5.15,7.52,177.1
2002,Alabama,5.15,7.4,179.9
2002,Alaska,5.65,8.12,179.9
2002,Arizona,5.15,7.4,179.9
2002,Arkansas,5.15,7.4,179.9
2002,California,6.75,9.71,179.9
2002,Colorado,5.15,7.4,179.9
2002,Connecticut,6.7,9.63,179.9
2002,Delaware,6.15,8.84,179.9
2002,District of Columbia,6.15,8.84,179.9
2002,Florida,5.15,7.4,179.9
2002,Georgia,5.15,7.4,179.9
2002,Guam,5.15,7.4,179.9
2002,Hawaii,5.75,8.27,179.9
2002,Idaho,5.15,7.4,179.9
2002,Illinois,5.15,7.4,179.9
2002,Indiana,5.15,7.4,179.9
2002,Iowa,5.15,7.4,179.9
2002,Kansas,5.15,7.4,179.9
2002,Kentucky,5.15,7.4,179.9
2002,Louisiana,5.15,7.4,179.9
2002,Maine,5.75,8.27,179.9
2002,Maryland,5.15,7.4,179.9
2002,Massachusetts,6.75,9.71,179.9
2002,Michigan,5.15,7.4,179.9
2002,Minnesota,5.15,7.4,179.9
2002,Mississippi,5.15,7.4,179.9
2002,Missouri,5.15,7.4,179.9
2002,Montana,5.15,7.4,179.9
2002,Nebraska,5.15,7.4,179.9
2002,Nevada,5.15,7.4,179.9
2002,New Hampshire,5.15,7.4,179.9
2002,New Jersey,5.15,7.4,179.9
2002,New Mexico,5.15,7.4,179.9
2002,New York,5.15,7.4,179.9
2002,North Carolina,5.15,7.4,179.9
2002,North Dakota,5.15,7.4,179.9
2002,Ohio,5.15,7.4,179.9
2002,Oklahoma,5.15,7.4,179.9
2002,Oregon,6.5,9.35,179.9
2002,Pennsylvania,5.15,7.4,179.9
2002,Puerto Rico,5.15,7.4,179.9
2002,Rhode Island,6.15,8.84,179.9
2002,South Carolina,5.15,7.4,179.9
2002,South Dakota,5.15,7.4,179.9
2002,Tennessee,5.15,7.4,179.9
2002,Texas,5.15,7.4,179.9
2002,U.S. Virgin Islands,5.15,7.4,179.9
2002,Utah,5.15,7.4,179.9
2002,Vermont,6.25,8.99,179.9
2002,Virginia,5.15,7.4,179.9
2002,Washington,6.9,9.92,179.9
2002,West Virginia,5.15,7.4,179.9
2002,Wisconsin,5.15,7.4,179.9
2002,Wyoming,5.15,7.4,179.9
2003,Alabama,5.15,7.24,184
2003,Alaska,7.15,10.05,184
2003,Arizona,5.15,7.24,184
2003,Arkansas,5.15,7.24,184
2003,California,6.75,9.49,184
2003,Colorado,5.15,7.24,184
2003,Connecticut,6.9,9.7,184
2003,Delaware,6.15,8.65,184
2003,District of Columbia,6.15,8.65,184
2003,Florida,5.15,7.24,184
2003,Georgia,5.15,7.24,184
2003,Guam,5.15,7.24,184
2003,Hawaii,6.25,8.79,184
2003,Idaho,5.15,7.24,184
2003,Illinois,5.15,7.24,184
2003,Indiana,5.15,7.24,184
2003,Iowa,5.15,7.24,184
2003,Kansas,5.15,7.24,184
2003,Kentucky,5.15,7.24,184
2003,Louisiana,5.15,7.24,184
2003,Maine,6.25,8.79,184
2003,Maryland,5.15,7.24,184
2003,Massachusetts,6.75,9.49,184
2003,Michigan,5.15,7.24,184
2003,Minnesota,5.15,7.24,184
2003,Mississippi,5.15,7.24,184
2003,Missouri,5.15,7.24,184
2003,Montana,5.15,7.24,184
2003,Nebraska,5.15,7.24,184
2003,Nevada,5.15,7.24,184
2003,New Hampshire,5.15,7.24,184
2003,New Jersey,5.15,7.24,184
2003,New Mexico,5.15,7.24,184
2003,New York,5.15,7.24,184
2003,North Carolina,5.15,7.24,184
2003,North Dakota,5.15,7.24,184
2003,Ohio,5.15,7.24,184
2003,Oklahoma,5.15,7.24,184
2003,Oregon,6.9,9.7,184
2003,Pennsylvania,5.15,7.24,184
2003,Puerto Rico,5.15,7.24,184
2003,Rhode Island,6.15,8.65,184
2003,South Carolina,5.15,7.24,184
2003,South Dakota,5.15,7.24,184
2003,Tennessee,5.15,7.24,184
2003,Texas,5.15,7.24,184
2003,U.S. Virgin Islands,5.15,7.24,184
2003,Utah,5.15,7.24,184
2003,Vermont,6.25,8.79,184
2003,Virginia,5.15,7.24,184
2003,Washington,7.01,9.85,184
2003,West Virginia,5.15,7.24,184
2003,Wisconsin,5.15,7.24,184
2003,Wyoming,5.15,7.24,184
2004,Alabama,5.15,7.05,188.9
2004,Alaska,7.15,9.79,188.9
2004,Arizona,5.15,7.05,188.9
2004,Arkansas,5.15,7.05,188.9
2004,California,6.75,9.24,188.9
2004,Colorado,5.15,7.05,188.9
2004,Connecticut,7.1,9.72,188.9
2004,Delaware,6.15,8.42,188.9
2004,District of Columbia,6.15,8.42,188.9
2004,Florida,5.15,7.05,188.9
2004,Georgia,5.15,7.05,188.9
2004,Guam,5.15,7.05,188.9
2004,Hawaii,6.25,8.56,188.9
2004,Idaho,5.15,7.05,188.9
2004,Illinois,5.5,7.53,188.9
2004,Indiana,5.15,7.05,188.9
2004,Iowa,5.15,7.05,188.9
2004,Kansas,5.15,7.05,188.9
2004,Kentucky,5.15,7.05,188.9
2004,Louisiana,5.15,7.05,188.9
2004,Maine,6.25,8.56,188.9
2004,Maryland,5.15,7.05,188.9
2004,Massachusetts,6.75,9.24,188.9
2004,Michigan,5.15,7.05,188.9
2004,Minnesota,5.15,7.05,188.9
2004,Mississippi,5.15,7.05,188.9
2004,Missouri,5.15,7.05,188.9
2004,Montana,5.15,7.05,188.9
2004,Nebraska,5.15,7.05,188.9
2004,Nevada,5.15,7.05,188.9
2004,New Hampshire,5.15,7.05,188.9
2004,New Jersey,5.15,7.05,188.9
2004,New Mexico,5.15,7.05,188.9
2004,New York,5.15,7.05,188.9
2004,North Carolina,5.15,7.05,188.9
2004,North Dakota,5.15,7.05,188.9
2004,Ohio,5.15,7.05,188.9
2004,Oklahoma,5.15,7.05,188.9
2004,Oregon,7.05,9.65,188.9
2004,Pennsylvania,5.15,7.05,188.9
2004,Puerto Rico,5.15,7.05,188.9
2004,Rhode Island,6.75,9.24,188.9
2004,South Carolina,5.15,7.05,188.9
2004,South Dakota,5.15,7.05,188.9
2004,Tennessee,5.15,7.05,188.9
2004,Texas,5.15,7.05,188.9
2004,U.S. Virgin Islands,5.15,7.05,188.9
2004,Utah,5.15,7.05,188.9
2004,Vermont,6.75,9.24,188.9
2004,Virginia,5.15,7.05,188.9
2004,Washington,7.16,9.8,188.9
2004,West Virginia,5.15,7.05,188.9
2004,Wisconsin,5.15,7.05,188.9
2004,Wyoming,5.15,7.05,188.9
2005,Alabama,5.15,6.82,195.3
2005,Alaska,7.15,9.47,195.3
2005,Arizona,5.15,6.82,195.3
2005,Arkansas,5.15,6.82,195.3
2005,California,6.75,8.94,195.3
2005,Colorado,5.15,6.82,195.3
2005,Connecticut,7.1,9.4,195.3
2005,Delaware,6.15,8.15,195.3
2005,District of Columbia,6.6,8.74,195.3
2005,Florida,5.15,6.82,195.3
2005,Georgia,5.15,6.82,195.3
2005,Guam,5.15,6.82,195.3
2005,Hawaii,6.25,8.28,195.3
2005,Idaho,5.15,6.82,195.3
2005,Illinois,6.5,8.61,195.3
2005,Indiana,5.15,6.82,195.3
2005,Iowa,5.15,6.82,195.3
2005,Kansas,5.15,6.82,195.3
2005,Kentucky,5.15,6.82,195.3
2005,Louisiana,5.15,6.82,195.3
2005,Maine,6.35,8.41,195.3
2005,Maryland,5.15,6.82,195.3
2005,Massachusetts,6.75,8.94,195.3
2005,Michigan,5.15,6.82,195.3
2005,Minnesota,5.15,6.82,195.3
2005,Mississippi,5.15,6.82,195.3
2005,Missouri,5.15,6.82,195.3
2005,Montana,5.15,6.82,195.3
2005,Nebraska,5.15,6.82,195.3
2005,Nevada,5.15,6.82,195.3
2005,New Hampshire,5.15,6.82,195.3
2005,New Jersey,5.15,6.82,195.3
2005,New Mexico,5.15,6.82,195.3
2005,New York,6,7.95,195.3
2005,North Carolina,5.15,6.82,195.3
2005,North Dakota,5.15,6.82,195.3
2005,Ohio,5.15,6.82,195.3
2005,Oklahoma,5.15,6.82,195.3
2005,Oregon,7.25,9.6,195.3
2005,Pennsylvania,5.15,6.82,195.3
2005,Puerto Rico,5.15,6.82,195.3
2005,Rhode Island,6.75,8.94,195.3
2005,South Carolina,5.15,6.82,195.3
2005,South Dakota,5.15,6.82,195.3
2005,Tennessee,5.15,6.82,195.3
2005,Texas,5.15,6.82,195.3
2005,U.S. Virgin Islands,5.15,6.82,195.3
2005,Utah,5.15,6.82,195.3
2005,Vermont,7,9.27,195.3
2005,Virginia,5.15,6.82,195.3
2005,Washington,7.35,9.73,195.3
2005,West Virginia,5.15,6.82,195.3
2005,Wisconsin,5.15,6.82,195.3
2005,Wyoming,5.15,6.82,195.3
2006,Alabama,5.15,6.61,201.6
2006,Alaska,7.15,9.17,201.6
2006,Arizona,5.15,6.61,201.6
2006,Arkansas,5.15,6.61,201.6
2006,California,6.75,8.66,201.6
2006,Colorado,5.15,6.61,201.6
2006,Connecticut,7.4,9.49,201.6
2006,Delaware,6.15,7.89,201.6
2006,District of Columbia,7,8.98,201.6
2006,Florida,6.4,8.21,201.6
2006,Georgia,5.15,6.61,201.6
2006,Guam,5.15,6.61,201.6
2006,Hawaii,6.75,8.66,201.6
2006,Idaho,5.15,6.61,201.6
2006,Illinois,6.5,8.34,201.6
2006,Indiana,5.15,6.61,201.6
2006,Iowa,5.15,6.61,201.6
2006,Kansas,5.15,6.61,201.6
2006,Kentucky,5.15,6.61,201.6
2006,Louisiana,5.15,6.61,201.6
2006,Maine,6.5,8.34,201.6
2006,Maryland,5.15,6.61,201.6
2006,Massachusetts,6.75,8.66,201.6
2006,Michigan,5.15,6.61,201.6
2006,Minnesota,5.25,6.74,201.6
2006,Mississippi,5.15,6.61,201.6
2006,Missouri,5.15,6.61,201.6
2006,Montana,5.15,6.61,201.6
2006,Nebraska,5.15,6.61,201.6
2006,Nevada,5.15,6.61,201.6
2006,New Hampshire,5.15,6.61,201.6
2006,New Jersey,6.15,7.89,201.6
2006,New Mexico,5.15,6.61,201.6
2006,New York,6.75,8.66,201.6
2006,North Carolina,5.15,6.61,201.6
2006,North Dakota,5.15,6.61,201.6
2006,Ohio,5.15,6.61,201.6
2006,Oklahoma,5.15,6.61,201.6
2006,Oregon,7.5,9.62,201.6
2006,Pennsylvania,5.15,6.61,201.6
2006,Puerto Rico,5.15,6.61,201.6
2006,Rhode Island,6.75,8.66,201.6
2006,South Carolina,5.15,6.61,201.6
2006,South Dakota,5.15,6.61,201.6
2006,Tennessee,5.15,6.61,201.6
2006,Texas,5.15,6.61,201.6
2006,U.S. Virgin Islands,5.15,6.61,201.6
2006,Utah,5.15,6.61,201.6
2006,Vermont,7.25,9.3,201.6
2006,Virginia,5.15,6.61,201.6
2006,Washington,7.63,9.79,201.6
2006,West Virginia,5.15,6.61,201.6
2006,Wisconsin,5.7,7.31,201.6
2006,Wyoming,5.15,6.61,201.6
2007,Alabama,5.15,6.42,207.342
2007,Alaska,7.15,8.92,207.342
2007,Arizona,6.75,8.42,207.342
2007,Arkansas,6.25,7.8,207.342
2007,California,7.5,9.36,207.342
2007,Colorado,6.85,8.55,207.342
2007,Connecticut,7.65,9.54,207.342
2007,Delaware,6.65,8.3,207.342
2007,District of Columbia,7,8.73,207.342
2007,Florida,6.67,8.32,207.342
2007,Georgia,5.15,6.42,207.342
2007,Guam,5.15,6.42,207.342
2007,Hawaii,7.25,9.04,207.342
2007,Idaho,5.15,6.42,207.342
2007,Illinois,7.5,9.36,207.342
2007,Indiana,5.15,6.42,207.342
2007,Iowa,5.15,6.42,207.342
2007,Kansas,5.15,6.42,207.342
2007,Kentucky,5.15,6.42,207.342
2007,Louisiana,5.15,6.42,207.342
2007,Maine,6.75,8.42,207.342
2007,Maryland,6.15,7.67,207.342
2007,Massachusetts,7.5,9.36,207.342
2007,Michigan,6.95,8.67,207.342
2007,Minnesota,5.25,6.55,207.342
2007,Mississippi,5.15,6.42,207.342
2007,Missouri,6.5,8.11,207.342
2007,Montana,5.15,6.42,207.342
2007,Nebraska,5.15,6.42,207.342
2007,Nevada,6.15,7.67,207.342
2007,New Hampshire,5.15,6.42,207.342
2007,New Jersey,7.15,8.92,207.342
2007,New Mexico,5.15,6.42,207.342
2007,New York,7.15,8.92,207.342
2007,North Carolina,6.15,7.67,207.342
2007,North Dakota,5.15,6.42,207.342
2007,Ohio,6.85,8.55,207.342
2007,Oklahoma,5.15,6.42,207.342
2007,Oregon,7.8,9.73,207.342
2007,Pennsylvania,6.25,7.8,207.342
2007,Puerto Rico,5.15,6.42,207.342
2007,Rhode Island,7.4,9.23,207.342
2007,South Carolina,5.15,6.42,207.342
2007,South Dakota,5.15,6.42,207.342
2007,Tennessee,5.15,6.42,207.342
2007,Texas,5.15,6.42,207.342
2007,U.S. Virgin Islands,5.15,6.42,207.342
2007,Utah,5.15,6.42,207.342
2007,Vermont,7.53,9.39,207.342
2007,Virginia,5.15,6.42,207.342
2007,Washington,7.93,9.89,207.342
2007,West Virginia,5.85,7.3,207.342
2007,Wisconsin,6.5,8.11,207.342
2007,Wyoming,5.15,6.42,207.342
2008,Alabama,5.85,7.03,215.303
2008,Alaska,7.15,8.59,215.303
2008,Arizona,6.9,8.29,215.303
2008,Arkansas,6.25,7.51,215.303
2008,California,8,9.61,215.303
2008,Colorado,7.02,8.43,215.303
2008,Connecticut,7.65,9.19,215.303
2008,Delaware,7.15,8.59,215.303
2008,District of Columbia,7,8.41,215.303
2008,Florida,6.79,8.16,215.303
2008,Georgia,5.85,7.03,215.303
2008,Guam,5.85,7.03,215.303
2008,Hawaii,7.25,8.71,215.303
2008,Idaho,5.85,7.03,215.303
2008,Illinois,7.75,9.31,215.303
2008,Indiana,5.85,7.03,215.303
2008,Iowa,7.25,8.71,215.303
2008,Kansas,5.85,7.03,215.303
2008,Kentucky,5.85,7.03,215.303
2008,Louisiana,5.85,7.03,215.303
2008,Maine,7,8.41,215.303
2008,Maryland,6.15,7.39,215.303
2008,Massachusetts,8,9.61,215.303
2008,Michigan,7.15,8.59,215.303
2008,Minnesota,5.85,7.03,215.303
2008,Mississippi,5.85,7.03,215.303
2008,Missouri,6.65,7.99,215.303
2008,Montana,5.85,7.03,215.303
2008,Nebraska,5.85,7.03,215.303
2008,Nevada,6.33,7.6,215.303
2008,New Hampshire,6.5,7.81,215.303
2008,New Jersey,7.15,8.59,215.303
2008,New Mexico,6.5,7.81,215.303
2008,New York,7.15,8.59,215.303
2008,North Carolina,6.15,7.39,215.303
2008,North Dakota,5.85,7.03,215.303
2008,Ohio,7,8.41,215.303
2008,Oklahoma,5.85,7.03,215.303
2008,Oregon,7.95,9.55,215.303
2008,Pennsylvania,7.15,8.59,215.303
2008,Puerto Rico,5.85,7.03,215.303
2008,Rhode Island,7.4,8.89,215.303
2008,South Carolina,5.85,7.03,215.303
2008,South Dakota,5.85,7.03,215.303
2008,Tennessee,5.85,7.03,215.303
2008,Texas,5.85,7.03,215.303
2008,U.S. Virgin Islands,5.85,7.03,215.303
2008,Utah,5.85,7.03,215.303
2008,Vermont,7.68,9.23,215.303
2008,Virginia,5.85,7.03,215.303
2008,Washington,8.07,9.7,215.303
2008,West Virginia,6.55,7.87,215.303
2008,Wisconsin,6.5,7.81,215.303
2008,Wyoming,5.85,7.03,215.303
2009,Alabama,6.55,7.9,214.537
2009,Alaska,7.15,8.62,214.537
2009,Arizona,7.25,8.74,214.537
2009,Arkansas,6.55,7.9,214.537
2009,California,8,9.65,214.537
2009,Colorado,7.28,8.78,214.537
2009,Connecticut,8,9.65,214.537
2009,Delaware,7.15,8.62,214.537
2009,District of Columbia,7.55,9.1,214.537
2009,Florida,7.21,8.69,214.537
2009,Georgia,6.55,7.9,214.537
2009,Guam,6.55,7.9,214.537
2009,Hawaii,7.25,8.74,214.537
2009,Idaho,6.55,7.9,214.537
2009,Illinois,8,9.65,214.537
2009,Indiana,6.55,7.9,214.537
2009,Iowa,7.25,8.74,214.537
2009,Kansas,6.55,7.9,214.537
2009,Kentucky,6.55,7.9,214.537
2009,Louisiana,6.55,7.9,214.537
2009,Maine,7.25,8.74,214.537
2009,Maryland,6.55,7.9,214.537
2009,Massachusetts,8,9.65,214.537
2009,Michigan,7.4,8.92,214.537
2009,Minnesota,6.55,7.9,214.537
2009,Mississippi,6.55,7.9,214.537
2009,Missouri,7.05,8.5,214.537
2009,Montana,6.55,7.9,214.537
2009,Nebraska,6.55,7.9,214.537
2009,Nevada,6.55,7.9,214.537
2009,New Hampshire,7.25,8.74,214.537
2009,New Jersey,7.15,8.62,214.537
2009,New Mexico,7.5,9.04,214.537
2009,New York,7.15,8.62,214.537
2009,North Carolina,6.55,7.9,214.537
2009,North Dakota,6.55,7.9,214.537
2009,Ohio,7.3,8.8,214.537
2009,Oklahoma,6.55,7.9,214.537
2009,Oregon,8.4,10.13,214.537
2009,Pennsylvania,7.15,8.62,214.537
2009,Puerto Rico,6.55,7.9,214.537
2009,Rhode Island,7.4,8.92,214.537
2009,South Carolina,6.55,7.9,214.537
2009,South Dakota,6.55,7.9,214.537
2009,Tennessee,6.55,7.9,214.537
2009,Texas,6.55,7.9,214.537
2009,U.S. Virgin Islands,6.55,7.9,214.537
2009,Utah,6.55,7.9,214.537
2009,Vermont,8.06,9.72,214.537
2009,Virginia,6.55,7.9,214.537
2009,Washington,8.55,10.31,214.537
2009,West Virginia,7.25,8.74,214.537
2009,Wisconsin,6.55,7.9,214.537
2009,Wyoming,6.55,7.9,214.537
2010,Alabama,7.25,8.6,218.056
2010,Alaska,7.75,9.19,218.056
2010,Arizona,7.25,8.6,218.056
2010,Arkansas,7.25,8.6,218.056
2010,California,8,9.49,218.056
2010,Colorado,7.25,8.6,218.056
2010,Connecticut,8.25,9.79,218.056
2010,Delaware,7.25,8.6,218.056
2010,District of Columbia,8.25,9.79,218.056
2010,Florida,7.25,8.6,218.056
2010,Georgia,7.25,8.6,218.056
2010,Guam,7.25,8.6,218.056
2010,Hawaii,7.25,8.6,218.056
2010,Idaho,7.25,8.6,218.056
2010,Illinois,8.25,9.79,218.056
2010,Indiana,7.25,8.6,218.056
2010,Iowa,7.25,8.6,218.056
2010,Kansas,7.25,8.6,218.056
2010,Kentucky,7.25,8.6,218.056
2010,Louisiana,7.25,8.6,218.056
2010,Maine,7.5,8.9,218.056
2010,Maryland,7.25,8.6,218.056
2010,Massachusetts,8,9.49,218.056
2010,Michigan,7.4,8.78,218.056
2010,Minnesota,7.25,8.6,218.056
2010,Mississippi,7.25,8.6,218.056
2010,Missouri,7.25,8.6,218.056
2010,Montana,7.25,8.6,218.056
2010,Nebraska,7.25,8.6,218.056
2010,Nevada,7.25,8.6,218.056
2010,New Hampshire,7.25,8.6,218.056
2010,New Jersey,7.25,8.6,218.056
2010,New Mexico,7.5,8.9,218.056
2010,New York,7.25,8.6,218.056
2010,North Carolina,7.25,8.6,218.056
2010,North Dakota,7.25,8.6,218.056
2010,Ohio,7.3,8.66,218.056
2010,Oklahoma,7.25,8.6,218.056
2010,Oregon,8.4,9.96,218.056
2010,Pennsylvania,7.25,8.6,218.056
2010,Puerto Rico,7.25,8.6,218.056
2010,Rhode Island,7.4,8.78,218.056
2010,South Carolina,7.25,8.6,218.056
2010,South Dakota,7.25,8.6,218.056
2010,Tennessee,7.25,8.6,218.056
2010,Texas,7.25,8.6,218.056
2010,U.S. Virgin Islands,7.25,8.6,218.056
2010,Utah,7.25,8.6,218.056
2010,Vermont,8.06,9.56,218.056
2010,Virginia,7.25,8.6,218.056
2010,Washington,8.55,10.14,218.056
2010,West Virginia,7.25,8.6,218.056
2010,Wisconsin,7.25,8.6,218.056
2010,Wyoming,7.25,8.6,218.056
2011,Alabama,7.25,8.34,224.939
2011,Alaska,7.75,8.91,224.939
2011,Arizona,7.35,8.45,224.939
2011,Arkansas,7.25,8.34,224.939
2011,California,8,9.2,224.939
2011,Colorado,7.36,8.46,224.939
2011,Connecticut,8.25,9.49,224.939
2011,Delaware,7.25,8.34,224.939
2011,District of Columbia,8.25,9.49,224.939
2011,Florida,7.25,8.34,224.939
2011,Georgia,7.25,8.34,224.939
2011,Guam,7.25,8.34,224.939
2011,Hawaii,7.25,8.34,224.939
2011,Idaho,7.25,8.34,224.939
2011,Illinois,8.25,9.49,224.939
2011,Indiana,7.25,8.34,224.939
2011,Iowa,7.25,8.34,224.939
2011,Kansas,7.25,8.34,224.939
2011,Kentucky,7.25,8.34,224.939
2011,Louisiana,7.25,8.34,224.939
2011,Maine,7.5,8.62,224.939
2011,Maryland,7.25,8.34,224.939
2011,Massachusetts,8,9.2,224.939
2011,Michigan,7.4,8.51,224.939
2011,Minnesota,7.25,8.34,224.939
2011,Mississippi,7.25,8.34,224.939
2011,Missouri,7.25,8.34,224.939
2011,Montana,7.25,8.34,224.939
2011,Nebraska,7.25,8.34,224.939
2011,Nevada,7.25,8.34,224.939
2011,New Hampshire,7.25,8.34,224.939
2011,New Jersey,7.25,8.34,224.939
2011,New Mexico,7.5,8.62,224.939
2011,New York,7.25,8.34,224.939
2011,North Carolina,7.25,8.34,224.939
2011,North Dakota,7.25,8.34,224.939
2011,Ohio,7.4,8.51,224.939
2011,Oklahoma,7.25,8.34,224.939
2011,Oregon,8.5,9.77,224.939
2011,Pennsylvania,7.25,8.34,224.939
2011,Puerto Rico,7.25,8.34,224.939
2011,Rhode Island,7.4,8.51,224.939
2011,South Carolina,7.25,8.34,224.939
2011,South Dakota,7.25,8.34,224.939
2011,Tennessee,7.25,8.34,224.939
2011,Texas,7.25,8.34,224.939
2011,U.S. Virgin Islands,7.25,8.34,224.939
2011,Utah,7.25,8.34,224.939
2011,Vermont,8.15,9.37,224.939
2011,Virginia,7.25,8.34,224.939
2011,Washington,8.67,9.97,224.939
2011,West Virginia,7.25,8.34,224.939
2011,Wisconsin,7.25,8.34,224.939
2011,Wyoming,7.25,8.34,224.939
2012,Alabama,7.25,8.17,229.594
2012,Alaska,7.75,8.73,229.594
2012,Arizona,7.65,8.62,229.594
2012,Arkansas,7.25,8.17,229.594
2012,California,8,9.01,229.594
2012,Colorado,7.64,8.61,229.594
2012,Connecticut,8.25,9.29,229.594
2012,Delaware,7.25,8.17,229.594
2012,District of Columbia,8.25,9.29,229.594
2012,Florida,7.67,8.64,229.594
2012,Georgia,7.25,8.17,229.594
2012,Guam,7.25,8.17,229.594
2012,Hawaii,7.25,8.17,229.594
2012,Idaho,7.25,8.17,229.594
2012,Illinois,8.25,9.29,229.594
2012,Indiana,7.25,8.17,229.594
2012,Iowa,7.25,8.17,229.594
2012,Kansas,7.25,8.17,229.594
2012,Kentucky,7.25,8.17,229.594
2012,Louisiana,7.25,8.17,229.594
2012,Maine,7.5,8.45,229.594
2012,Maryland,7.25,8.17,229.594
2012,Massachusetts,8,9.01,229.594
2012,Michigan,7.4,8.34,229.594
2012,Minnesota,7.25,8.17,229.594
2012,Mississippi,7.25,8.17,229.594
2012,Missouri,7.25,8.17,229.594
2012,Montana,7.25,8.17,229.594
2012,Nebraska,7.25,8.17,229.594
2012,Nevada,7.25,8.17,229.594
2012,New Hampshire,7.25,8.17,229.594
2012,New Jersey,7.25,8.17,229.594
2012,New Mexico,7.5,8.45,229.594
2012,New York,7.25,8.17,229.594
2012,North Carolina,7.25,8.17,229.594
2012,North Dakota,7.25,8.17,229.594
2012,Ohio,7.7,8.67,229.594
2012,Oklahoma,7.25,8.17,229.594
2012,Oregon,8.8,9.91,229.594
2012,Pennsylvania,7.25,8.17,229.594
2012,Puerto Rico,7.25,8.17,229.594
2012,Rhode Island,7.4,8.34,229.594
2012,South Carolina,7.25,8.17,229.594
2012,South Dakota,7.25,8.17,229.594
2012,Tennessee,7.25,8.17,229.594
2012,Texas,7.25,8.17,229.594
2012,U.S. Virgin Islands,7.25,8.17,229.594
2012,Utah,7.25,8.17,229.594
2012,Vermont,8.46,9.53,229.594
2012,Virginia,7.25,8.17,229.594
2012,Washington,9.04,10.18,229.594
2012,West Virginia,7.25,8.17,229.594
2012,Wisconsin,7.25,8.17,229.594
2012,Wyoming,7.25,8.17,229.594
2013,Alabama,7.25,8.05,232.957
2013,Alaska,7.75,8.61,232.957
2013,Arizona,7.8,8.66,232.957
2013,Arkansas,7.25,8.05,232.957
2013,California,8,8.88,232.957
2013,Colorado,7.78,8.64,232.957
2013,Connecticut,8.25,9.16,232.957
2013,Delaware,7.25,8.05,232.957
2013,District of Columbia,8.25,9.16,232.957
2013,Florida,7.79,8.65,232.957
2013,Georgia,7.25,8.05,232.957
2013,Guam,7.25,8.05,232.957
2013,Hawaii,7.25,8.05,232.957
2013,Idaho,7.25,8.05,232.957
2013,Illinois,8.25,9.16,232.957
2013,Indiana,7.25,8.05,232.957
2013,Iowa,7.25,8.05,232.957
2013,Kansas,7.25,8.05,232.957
2013,Kentucky,7.25,8.05,232.957
2013,Louisiana,7.25,8.05,232.957
2013,Maine,7.5,8.33,232.957
2013,Maryland,7.25,8.05,232.957
2013,Massachusetts,8,8.88,232.957
2013,Michigan,7.4,8.22,232.957
2013,Minnesota,7.25,8.05,232.957
2013,Mississippi,7.25,8.05,232.957
2013,Missouri,7.35,8.16,232.957
2013,Montana,7.25,8.05,232.957
2013,Nebraska,7.25,8.05,232.957
2013,Nevada,7.25,8.05,232.957
2013,New Hampshire,7.25,8.05,232.957
2013,New Jersey,7.25,8.05,232.957
2013,New Mexico,7.5,8.33,232.957
2013,New York,7.25,8.05,232.957
2013,North Carolina,7.25,8.05,232.957
2013,North Dakota,7.25,8.05,232.957
2013,Ohio,7.85,8.72,232.957
2013,Oklahoma,7.25,8.05,232.957
2013,Oregon,8.95,9.94,232.957
2013,Pennsylvania,7.25,8.05,232.957
2013,Puerto Rico,7.25,8.05,232.957
2013,Rhode Island,7.75,8.61,232.957
2013,South Carolina,7.25,8.05,232.957
2013,South Dakota,7.25,8.05,232.957
2013,Tennessee,7.25,8.05,232.957
2013,Texas,7.25,8.05,232.957
2013,U.S. Virgin Islands,7.25,8.05,232.957
2013,Utah,7.25,8.05,232.957
2013,Vermont,8.6,9.55,232.957
2013,Virginia,7.25,8.05,232.957
2013,Washington,9.19,10.2,232.957
2013,West Virginia,7.25,8.05,232.957
2013,Wisconsin,7.25,8.05,232.957
2013,Wyoming,7.25,8.05,232.957
2014,Alabama,7.25,7.92,236.736
2014,Alaska,7.75,8.47,236.736
2014,Arizona,7.9,8.63,236.736
2014,Arkansas,7.25,7.92,236.736
2014,California,9,9.83,236.736
2014,Colorado,8,8.74,236.736
2014,Connecticut,8.7,9.51,236.736
2014,Delaware,7.75,8.47,236.736
2014,District of Columbia,9.5,10.38,236.736
2014,Florida,7.93,8.66,236.736
2014,Georgia,7.25,7.92,236.736
2014,Guam,7.25,7.92,236.736
2014,Hawaii,7.25,7.92,236.736
2014,Idaho,7.25,7.92,236.736
2014,Illinois,8.25,9.01,236.736
2014,Indiana,7.25,7.92,236.736
2014,Iowa,7.25,7.92,236.736
2014,Kansas,7.25,7.92,236.736
2014,Kentucky,7.25,7.92,236.736
2014,Louisiana,7.25,7.92,236.736
2014,Maine,7.5,8.19,236.736
2014,Maryland,7.25,7.92,236.736
2014,Massachusetts,8,8.74,236.736
2014,Michigan,8.15,8.9,236.736
2014,Minnesota,7.25,7.92,236.736
2014,Mississippi,7.25,7.92,236.736
2014,Missouri,7.5,8.19,236.736
2014,Montana,7.9,8.63,236.736
2014,Nebraska,7.25,7.92,236.736
2014,Nevada,7.25,7.92,236.736
2014,New Hampshire,7.25,7.92,236.736
2014,New Jersey,8.25,9.01,236.736
2014,New Mexico,7.5,8.19,236.736
2014,New York,8,8.74,236.736
2014,North Carolina,7.25,7.92,236.736
2014,North Dakota,7.25,7.92,236.736
2014,Ohio,7.25,7.92,236.736
2014,Oklahoma,7.25,7.92,236.736
2014,Oregon,9.1,9.94,236.736
2014,Pennsylvania,7.25,7.92,236.736
2014,Puerto Rico,7.25,7.92,236.736
2014,Rhode Island,8,8.74,236.736
2014,South Carolina,7.25,7.92,236.736
2014,South Dakota,7.25,7.92,236.736
2014,Tennessee,7.25,7.92,236.736
2014,Texas,7.25,7.92,236.736
2014,U.S. Virgin Islands,7.25,7.92,236.736
2014,Utah,7.25,7.92,236.736
2014,Vermont,8.73,9.54,236.736
2014,Virginia,7.25,7.92,236.736
2014,Washington,9.32,10.18,236.736
2014,West Virginia,7.25,7.92,236.736
2014,Wisconsin,7.25,7.92,236.736
2014,Wyoming,7.25,7.92,236.736
2015,Alabama,7.25,7.91,237.017
2015,Alaska,8.75,9.55,237.017
2015,Arizona,8.05,8.79,237.017
2015,Arkansas,7.5,8.18,237.017
2015,California,9,9.82,237.017
2015,Colorado,8.23,8.98,237.017
2015,Connecticut,9.15,9.99,237.017
2015,Delaware,8.25,9,237.017
2015,District of Columbia,10.5,11.46,237.017
2015,Florida,8.05,8.79,237.017
2015,Georgia,7.25,7.91,237.017
2015,Guam,8.25,9,237.017
2015,Hawaii,7.75,8.46,237.017
2015,Idaho,7.25,7.91,237.017
2015,Illinois,8.25,9,237.017
2015,Indiana,7.25,7.91,237.017
2015,Iowa,7.25,7.91,237.017
2015,Kansas,7.25,7.91,237.017
2015,Kentucky,7.25,7.91,237.017
2015,Louisiana,7.25,7.91,237.017
2015,Maine,7.5,8.18,237.017
2015,Maryland,8.25,9,237.017
2015,Massachusetts,9,9.82,237.017
2015,Michigan,8.15,8.89,237.017
2015,Minnesota,7.25,7.91,237.017
2015,Mississippi,7.25,7.91,237.017
2015,Missouri,7.65,8.35,237.017
2015,Montana,8.05,8.79,237.017
2015,Nebraska,8,8.73,237.017
2015,Nevada,7.25,7.91,237.017
2015,New Hampshire,7.25,7.91,237.017
2015,New Jersey,8.38,9.15,237.017
2015,New Mexico,7.5,8.18,237.017
2015,New York,8.75,9.55,237.017
2015,North Carolina,7.25,7.91,237.017
2015,North Dakota,7.25,7.91,237.017
2015,Ohio,7.25,7.91,237.017
2015,Oklahoma,7.25,7.91,237.017
2015,Oregon,9.25,10.09,237.017
2015,Pennsylvania,7.25,7.91,237.017
2015,Puerto Rico,7.25,7.91,237.017
2015,Rhode Island,9,9.82,237.017
2015,South Carolina,7.25,7.91,237.017
2015,South Dakota,8.5,9.28,237.017
2015,Tennessee,7.25,7.91,237.017
2015,Texas,7.25,7.91,237.017
2015,U.S. Virgin Islands,7.25,7.91,237.017
2015,Utah,7.25,7.91,237.017
2015,Vermont,9.15,9.99,237.017
2015,Virginia,7.25,7.91,237.017
2015,Washington,9.47,10.33,237.017
2015,West Virginia,8,8.73,237.017
2015,Wisconsin,7.25,7.91,237.017
2015,Wyoming,7.25,7.91,237.017
2016,Alabama,7.25,7.81,240.007
2016,Alaska,9.75,10.51,240.007
2016,Arizona,8.05,8.68,240.007
2016,Arkansas,8,8.62,240.007
2016,California,10,10.78,240.007
2016,Colorado,8.31,8.96,240.007
2016,Connecticut,9.6,10.35,240.007
2016,Delaware,8.25,8.89,240.007
2016,District of Columbia,11.5,12.39,240.007
2016,Florida,8.05,8.68,240.007
2016,Georgia,7.25,7.81,240.007
2016,Guam,8.25,8.89,240.007
2016,Hawaii,8.5,9.16,240.007
2016,Idaho,7.25,7.81,240.007
2016,Illinois,8.25,8.89,240.007
2016,Indiana,7.25,7.81,240.007
2016,Iowa,7.25,7.81,240.007
2016,Kansas,7.25,7.81,240.007
2016,Kentucky,7.25,7.81,240.007
2016,Louisiana,7.25,7.81,240.007
2016,Maine,7.5,8.08,240.007
2016,Maryland,8.75,9.43,240.007
2016,Massachusetts,10,10.78,240.007
2016,Michigan,8.5,9.16,240.007
2016,Minnesota,7.25,7.81,240.007
2016,Mississippi,7.25,7.81,240.007
2016,Missouri,7.65,8.24,240.007
2016,Montana,8.05,8.68,240.007
2016,Nebraska,9,9.7,240.007
2016,Nevada,7.25,7.81,240.007
2016,New Hampshire,7.25,7.81,240.007
2016,New Jersey,8.38,9.03,240.007
2016,New Mexico,7.5,8.08,240.007
2016,New York,9,9.7,240.007
2016,North Carolina,7.25,7.81,240.007
2016,North Dakota,7.25,7.81,240.007
2016,Ohio,7.25,7.81,240.007
2016,Oklahoma,7.25,7.81,240.007
2016,Oregon,9.75,10.51,240.007
2016,Pennsylvania,7.25,7.81,240.007
2016,Puerto Rico,7.25,7.81,240.007
2016,Rhode Island,9.6,10.35,240.007
2016,South Carolina,7.25,7.81,240.007
2016,South Dakota,8.55,9.21,240.007
2016,Tennessee,7.25,7.81,240.007
2016,Texas,7.25,7.81,240.007
2016,U.S. Virgin Islands,7.25,7.81,240.007
2016,Utah,7.25,7.81,240.007
2016,Vermont,9.6,10.35,240.007
2016,Virginia,7.25,7.81,240.007
2016,Washington,9.47,10.21,240.007
2016,West Virginia,8.75,9.43,240.007
2016,Wisconsin,7.25,7.81,240.007
2016,Wyoming,7.25,7.81,240.007
2017,Alabama,7.25,7.65,245.12
2017,Alaska,9.8,10.34,245.12
2017,Arizona,10,10.55,245.12
2017,Arkansas,8.5,8.97,245.12
2017,California,10,10.55,245.12
2017,Colorado,9.3,9.81,245.12
2017,Connecticut,10.1,10.66,245.12
2017,Delaware,8.25,8.71,245.12
2017,District of Columbia,11.5,12.14,245.12
2017,Florida,8.1,8.55,245.12
2017,Georgia,7.25,7.65,245.12
2017,Guam,8.25,8.71,245.12
2017,Hawaii,9.25,9.76,245.12
2017,Idaho,7.25,7.65,245.12
2017,Illinois,8.25,8.71,245.12
2017,Indiana,7.25,7.65,245.12
2017,Iowa,7.25,7.65,245.12
2017,Kansas,7.25,7.65,245.12
2017,Kentucky,7.25,7.65,245.12
2017,Louisiana,7.25,7.65,245.12
2017,Maine,9,9.5,245.12
2017,Maryland,8.75,9.23,245.12
2017,Massachusetts,11,11.61,245.12
2017,Michigan,8.9,9.39,245.12
2017,Minnesota,7.75,8.18,245.12
2017,Mississippi,7.25,7.65,245.12
2017,Missouri,7.7,8.13,245.12
2017,Montana,8.15,8.6,245.12
2017,Nebraska,9,9.5,245.12
2017,Nevada,7.25,7.65,245.12
2017,New Hampshire,7.25,7.65,245.12
2017,New Jersey,8.44,8.91,245.12
2017,New Mexico,7.5,7.91,245.12
2017,New York,9.7,10.24,245.12
2017,North Carolina,7.25,7.65,245.12
2017,North Dakota,7.25,7.65,245.12
2017,Ohio,8.15,8.6,245.12
2017,Oklahoma,7.25,7.65,245.12
2017,Oregon,9.75,10.29,245.12
2017,Pennsylvania,7.25,7.65,245.12
2017,Puerto Rico,7.25,7.65,245.12
2017,Rhode Island,9.6,10.13,245.12
2017,South Carolina,7.25,7.65,245.12
2017,South Dakota,8.65,9.13,245.12
2017,Tennessee,7.25,7.65,245.12
2017,Texas,7.25,7.65,245.12
2017,U.S. Virgin Islands,7.25,7.65,245.12
2017,Utah,7.25,7.65,245.12
2017,Vermont,10,10.55,245.12
2017,Virginia,7.25,7.65,245.12
2017,Washington,11,11.61,245.12
2017,West Virginia,8.75,9.23,245.12
2017,Wisconsin,7.25,7.65,245.12
2017,Wyoming,7.25,7.65,245.12
2018,Alabama,7.25,7.47,251.107
2018,Alaska,9.84,10.14,251.107
2018,Arizona,10.5,10.82,251.107
2018,Arkansas,8.5,8.76,251.107
2018,California,11,11.33,251.107
2018,Colorado,10.2,10.51,251.107
2018,Connecticut,10.1,10.4,251.107
2018,Delaware,8.25,8.5,251.107
2018,District of Columbia,13.25,13.65,251.107
2018,Florida,8.25,8.5,251.107
2018,Georgia,7.25,7.47,251.107
2018,Guam,8.25,8.5,251.107
2018,Hawaii,10.1,10.4,251.107
2018,Idaho,7.25,7.47,251.107
2018,Illinois,8.25,8.5,251.107
2018,Indiana,7.25,7.47,251.107
2018,Iowa,7.25,7.47,251.107
2018,Kansas,7.25,7.47,251.107
2018,Kentucky,7.25,7.47,251.107
2018,Louisiana,7.25,7.47,251.107
2018,Maine,10,10.3,251.107
2018,Maryland,10.1,10.4,251.107
2018,Massachusetts,11,11.33,251.107
2018,Michigan,9.25,9.53,251.107
2018,Minnesota,8.04,8.28,251.107
2018,Mississippi,7.25,7.47,251.107
2018,Missouri,7.85,8.09,251.107
2018,Montana,8.3,8.55,251.107
2018,Nebraska,9,9.27,251.107
2018,Nevada,7.25,7.47,251.107
2018,New Hampshire,7.25,7.47,251.107
2018,New Jersey,8.6,8.86,251.107
2018,New Mexico,7.5,7.73,251.107
2018,New York,10.4,10.71,251.107
2018,North Carolina,7.25,7.47,251.107
2018,North Dakota,7.25,7.47,251.107
2018,Ohio,8.3,8.55,251.107
2018,Oklahoma,7.25,7.47,251.107
2018,Oregon,10.75,11.07,251.107
2018,Pennsylvania,7.25,7.47,251.107
2018,Puerto Rico,7.25,7.47,251.107
2018,Rhode Island,10.1,10.4,251.107
2018,South Carolina,7.25,7.47,251.107
2018,South Dakota,8.85,9.12,251.107
2018,Tennessee,7.25,7.47,251.107
2018,Texas,7.25,7.47,251.107
2018,U.S. Virgin Islands,7.25,7.47,251.107
2018,Utah,7.25,7.47,251.107
2018,Vermont,10.5,10.82,251.107
2018,Virginia,7.25,7.47,251.107
2018,Washington,11.5,11.85,251.107
2018,West Virginia,8.75,9.01,251.107
2018,Wisconsin,7.25,7.47,251.107
2018,Wyoming,7.25,7.47,251.107
2019,Alabama,7.25,7.34,255.657
2019,Alaska,10.19,10.31,255.657
2019,Arizona,12,12.14,255.657
2019,Arkansas,9.25,9.36,255.657
2019,California,12,12.14,255.657
2019,Colorado,12,12.14,255.657
2019,Connecticut,11,11.13,255.657
2019,Delaware,9.25,9.36,255.657
2019,District of Columbia,14,14.16,255.657
2019,Florida,8.56,8.66,255.657
2019,Georgia,7.25,7.34,255.657
2019,Guam,8.25,8.35,255.657
2019,Hawaii,10.1,10.22,255.657
2019,Idaho,7.25,7.34,255.657
2019,Illinois,9.25,9.36,255.657
2019,Indiana,7.25,7.34,255.657
2019,Iowa,7.25,7.34,255.657
2019,Kansas,7.25,7.34,255.657
2019,Kentucky,7.25,7.34,255.657
2019,Louisiana,7.25,7.34,255.657
2019,Maine,12,12.14,255.657
2019,Maryland,11,11.13,255.657
2019,Massachusetts,12.75,12.9,255.657
2019,Michigan,9.65,9.76,255.657
2019,Minnesota,8.15,8.25,255.657
2019,Mississippi,7.25,7.34,255.657
2019,Missouri,9.45,9.56,255.657
2019,Montana,8.65,8.75,255.657
2019,Nebraska,9,9.11,255.657
2019,Nevada,7.25,7.34,255.657
2019,New Hampshire,7.25,7.34,255.657
2019,New Jersey,11,11.13,255.657
2019,New Mexico,9,9.11,255.657
2019,New York,11.8,11.94,255.657
2019,North Carolina,7.25,7.34,255.657
2019,North Dakota,7.25,7.34,255.657
2019,Ohio,8.7,8.8,255.657
2019,Oklahoma,7.25,7.34,255.657
2019,Oregon,11.25,11.38,255.657
2019,Pennsylvania,7.25,7.34,255.657
2019,Puerto Rico,7.25,7.34,255.657
2019,Rhode Island,10.5,10.62,255.657
2019,South Carolina,7.25,7.34,255.657
2019,South Dakota,9.3,9.41,255.657
2019,Tennessee,7.25,7.34,255.657
2019,Texas,7.25,7.34,255.657
2019,U.S. Virgin Islands,10.5,10.62,255.657
2019,Utah,7.25,7.34,255.657
2019,Vermont,10.96,11.09,255.657
2019,Virginia,7.25,7.34,255.657
2019,Washington,13.5,13.66,255.657
2019,West Virginia,8.75,8.85,255.657
2019,Wisconsin,7.25,7.34,255.657
2019,Wyoming,7.25,7.34,255.657
2020,Alabama,7.25,7.25,258.66
2020,Alaska,10.19,10.19,258.66
2020,Arizona,12,12,258.66
2020,Arkansas,10,10,258.66
2020,California,13,13,258.66
2020,Colorado,12,12,258.66
2020,Connecticut,11,11,258.66
2020,Delaware,9.25,9.25,258.66
2020,District of Columbia,14,14,258.66
2020,Florida,8.56,8.56,258.66
2020,Georgia,7.25,7.25,258.66
2020,Guam,8.25,8.25,258.66
2020,Hawaii,10.1,10.1,258.66
2020,Idaho,7.25,7.25,258.66
2020,Illinois,9.25,9.25,258.66
2020,Indiana,7.25,7.25,258.66
2020,Iowa,7.25,7.25,258.66
2020,Kansas,7.25,7.25,258.66
2020,Kentucky,7.25,7.25,258.66
2020,Louisiana,7.25,7.25,258.66
2020,Maine,12,12,258.66
2020,Maryland,11,11,258.66
2020,Massachusetts,12.75,12.75,258.66
2020,Michigan,9.65,9.65,258.66
2020,Minnesota,8.15,8.15,258.66
2020,Mississippi,7.25,7.25,258.66
2020,Missouri,9.45,9.45,258.66
2020,Montana,8.65,8.65,258.66
2020,Nebraska,9,9,258.66
2020,Nevada,7.25,7.25,258.66
2020,New Hampshire,7.25,7.25,258.66
2020,New Jersey,11,11,258.66
2020,New Mexico,9,9,258.66
2020,New York,11.8,11.8,258.66
2020,North Carolina,7.25,7.25,258.66
2020,North Dakota,7.25,7.25,258.66
2020,Ohio,8.7,8.7,258.66
2020,Oklahoma,7.25,7.25,258.66
2020,Oregon,11.25,11.25,258.66
2020,Pennsylvania,7.25,7.25,258.66
2020,Puerto Rico,7.25,7.25,258.66
2020,Rhode Island,10.5,10.5,258.66
2020,South Carolina,7.25,7.25,258.66
2020,South Dakota,9.3,9.3,258.66
2020,Tennessee,7.25,7.25,258.66
2020,Texas,7.25,7.25,258.66
2020,U.S. Virgin Islands,10.5,10.5,258.66
2020,Utah,7.25,7.25,258.66
2020,Vermont,10.96,10.96,258.66
2020,Virginia,7.25,7.25,258.66
2020,Washington,13.5,13.5,258.66
2020,West Virginia,8.75,8.75,258.66
2020,Wisconsin,7.25,7.25,258.66
2020,Wyoming,7.25,7.25,258.66
